-- phpMyAdmin SQL Dump
-- version 5.1.0
-- https://www.phpmyadmin.net/
--
-- Host: 127.0.0.1
-- Generation Time: Aug 14, 2022 at 04:16 PM
-- Server version: 10.4.19-MariaDB
-- PHP Version: 8.0.6

SET SQL_MODE = "NO_AUTO_VALUE_ON_ZERO";
START TRANSACTION;
SET time_zone = "+00:00";


/*!40101 SET @OLD_CHARACTER_SET_CLIENT=@@CHARACTER_SET_CLIENT */;
/*!40101 SET @OLD_CHARACTER_SET_RESULTS=@@CHARACTER_SET_RESULTS */;
/*!40101 SET @OLD_COLLATION_CONNECTION=@@COLLATION_CONNECTION */;
/*!40101 SET NAMES utf8mb4 */;

--
-- Database: `presemester_assignment_db`
--

-- --------------------------------------------------------

--
-- Table structure for table `audit_log`
--

CREATE TABLE `audit_log` (
  `id` int(11) NOT NULL,
  `location` varchar(128) NOT NULL,
  `action` varchar(128) NOT NULL,
  `data` varchar(128) NOT NULL,
  `user_id` int(10) UNSIGNED NOT NULL,
  `timestamp` timestamp NOT NULL DEFAULT current_timestamp(),
  `status` varchar(128) NOT NULL
) ENGINE=InnoDB DEFAULT CHARSET=latin1;

--
-- Dumping data for table `audit_log`
--

INSERT INTO `audit_log` (`id`, `location`, `action`, `data`, `user_id`, `timestamp`, `status`) VALUES
(1, 'Auth', 'User Logout', ' Logged out successfully!', 1, '2022-08-07 16:08:44', 'success'),
(2, 'Auth', 'User Login', 'n01442977@unf.edu Logged In Successfully!', 1, '2022-08-07 16:08:50', 'success'),
(3, 'Auth', 'User Login', 'n01442977@unf.edu Logged In Successfully!', 1, '2022-08-08 22:06:15', 'success'),
(4, 'Data', 'Insert ', ' creation succeeded!', 1, '2022-08-10 02:36:02', 'success'),
(5, 'Data', 'Insert ', ' creation succeeded!', 1, '2022-08-10 12:29:26', 'success'),
(6, 'Data', 'Insert ', ' creation succeeded!', 1, '2022-08-10 12:32:25', 'success'),
(7, 'Data', 'Insert ', ' creation succeeded!', 1, '2022-08-10 12:32:25', 'success'),
(8, 'Data', 'Insert ', ' creation succeeded!', 1, '2022-08-10 12:36:37', 'success'),
(9, 'Data', 'Insert ', ' creation succeeded!', 1, '2022-08-10 12:36:37', 'success'),
(10, 'Data', 'Upload Drivers', ' Failed!', 1, '2022-08-10 12:36:37', 'danger'),
(11, 'Data', 'Upload Social', ' Failed!', 1, '2022-08-10 12:36:37', 'danger'),
(12, 'Data', 'Insert ', ' creation succeeded!', 1, '2022-08-10 12:53:38', 'success'),
(13, 'Data', 'Insert ', ' creation succeeded!', 1, '2022-08-10 12:53:38', 'success'),
(14, 'Data', 'Upload Drivers', 'Drivers Upload  Succeeded!', 1, '2022-08-10 12:53:38', 'danger'),
(15, 'Data', 'Upload Social', 'Social Upload  Succeeded!', 1, '2022-08-10 12:53:38', 'danger'),
(16, 'Data', 'Insert ', ' creation succeeded!', 1, '2022-08-10 12:59:28', 'success'),
(17, 'Data', 'Insert ', ' creation succeeded!', 1, '2022-08-10 12:59:28', 'success'),
(18, 'Data', 'Upload Drivers', 'Drivers Upload  Succeeded!', 1, '2022-08-10 12:59:28', 'danger'),
(19, 'Data', 'Upload Social', 'Social Upload  Succeeded!', 1, '2022-08-10 12:59:28', 'danger'),
(20, 'Data', 'Insert ', ' creation succeeded!', 1, '2022-08-11 00:09:14', 'success'),
(21, 'Data', 'Insert ', ' creation succeeded!', 1, '2022-08-11 00:09:14', 'success'),
(22, 'Data', 'Upload Drivers', 'Drivers Upload  Succeeded!', 1, '2022-08-11 00:09:14', 'danger'),
(23, 'Data', 'Upload Social', 'Social Upload  Succeeded!', 1, '2022-08-11 00:09:14', 'danger'),
(24, 'Data', 'Insert ', ' creation succeeded!', 1, '2022-08-11 00:13:05', 'success'),
(25, 'Data', 'Insert ', ' creation succeeded!', 1, '2022-08-11 00:13:05', 'success'),
(26, 'Data', 'Upload Drivers', 'Drivers Upload  Succeeded!', 1, '2022-08-11 00:13:05', 'danger'),
(27, 'Data', 'Upload Social', 'Social Upload  Succeeded!', 1, '2022-08-11 00:13:05', 'danger'),
(28, 'Data', 'Insert ', ' creation succeeded!', 1, '2022-08-11 00:53:17', 'success'),
(29, 'Data', 'Insert ', ' creation succeeded!', 1, '2022-08-11 00:53:17', 'success'),
(30, 'Data', 'Upload Drivers', 'Drivers Upload  Succeeded!', 1, '2022-08-11 00:53:17', 'danger'),
(31, 'Data', 'Upload Social', 'Social Upload  Succeeded!', 1, '2022-08-11 00:53:17', 'danger'),
(32, 'Data', 'Insert ', ' creation succeeded!', 1, '2022-08-11 23:19:25', 'success'),
(33, 'Data', 'Insert ', ' creation succeeded!', 1, '2022-08-11 23:19:25', 'success'),
(34, 'Data', 'Insert ', ' creation succeeded!', 1, '2022-08-11 23:20:22', 'success'),
(35, 'Data', 'Insert ', ' creation succeeded!', 1, '2022-08-11 23:20:22', 'success'),
(36, 'Data', 'Insert ', ' creation succeeded!', 1, '2022-08-11 23:29:51', 'success'),
(37, 'Data', 'Insert ', ' creation succeeded!', 1, '2022-08-11 23:29:51', 'success'),
(38, 'Data', 'Insert ', ' creation succeeded!', 1, '2022-08-11 23:32:04', 'success'),
(39, 'Data', 'Insert ', ' creation succeeded!', 1, '2022-08-11 23:32:04', 'success'),
(40, 'Data', 'Insert ', ' creation succeeded!', 1, '2022-08-11 23:34:00', 'success'),
(41, 'Data', 'Insert ', ' creation succeeded!', 1, '2022-08-11 23:34:00', 'success'),
(42, 'Data', 'Insert ', ' creation succeeded!', 1, '2022-08-12 00:23:34', 'success'),
(43, 'Data', 'Insert ', ' creation succeeded!', 1, '2022-08-12 00:23:34', 'success'),
(44, 'Data', 'Insert ', ' creation succeeded!', 1, '2022-08-12 00:24:08', 'success'),
(45, 'Data', 'Insert ', ' creation succeeded!', 1, '2022-08-12 00:24:08', 'success'),
(46, 'Data', 'Insert ', ' creation succeeded!', 1, '2022-08-12 00:31:01', 'success'),
(47, 'Data', 'Insert ', ' creation succeeded!', 1, '2022-08-12 00:31:01', 'success'),
(48, 'Data', 'Insert ', ' creation succeeded!', 1, '2022-08-12 00:34:04', 'success'),
(49, 'Data', 'Insert ', ' creation succeeded!', 1, '2022-08-12 00:34:04', 'success'),
(50, 'Data', 'Insert ', ' creation succeeded!', 1, '2022-08-12 01:44:00', 'success'),
(51, 'Data', 'Insert ', ' creation succeeded!', 1, '2022-08-12 01:44:00', 'success'),
(52, 'Data', 'Insert ', ' creation succeeded!', 1, '2022-08-12 01:45:37', 'success'),
(53, 'Data', 'Insert ', ' creation succeeded!', 1, '2022-08-12 01:45:37', 'success'),
(54, 'Data', 'Insert ', ' creation succeeded!', 1, '2022-08-12 02:14:19', 'success'),
(55, 'Data', 'Insert ', ' creation succeeded!', 1, '2022-08-12 02:14:19', 'success'),
(56, 'Data', 'Insert ', ' creation succeeded!', 1, '2022-08-13 17:01:57', 'success'),
(57, 'Data', 'Insert ', ' creation succeeded!', 1, '2022-08-13 17:02:46', 'success'),
(58, 'Data', 'Insert ', ' creation succeeded!', 1, '2022-08-13 17:04:03', 'success'),
(59, 'Data', 'Insert ', ' creation succeeded!', 1, '2022-08-13 17:15:34', 'success'),
(60, 'Data', 'Insert ', ' creation succeeded!', 1, '2022-08-13 17:15:57', 'success'),
(61, 'Data', 'Insert ', ' creation succeeded!', 1, '2022-08-13 17:16:55', 'success'),
(62, 'Data', 'Insert Opportunities', 'Opportunities creation  Failed!', 1, '2022-08-13 17:23:14', 'success'),
(63, 'Data', 'Insert Opportunities', 'Opportunities creation  Failed!', 1, '2022-08-13 17:25:31', 'success'),
(64, 'Data', 'Insert Opportunities', 'Opportunities creation  Failed!', 1, '2022-08-13 17:27:41', 'success'),
(65, 'Auth', 'User Logout', ' Logged out successfully!', 1, '2022-08-13 18:13:08', 'success'),
(66, 'Auth', 'User Login', 'n01442977@unf.edu Logged In Successfully!', 1, '2022-08-13 18:13:15', 'success'),
(69, 'Data', 'Edit opportunities', 'opportunities (id: 2) modification successful.  Failed!', 1, '2022-08-14 02:21:05', 'success'),
(70, 'Data', 'Insert Opportunities_volunteers', 'Opportunities_volunteers creation  Failed!', 1, '2022-08-14 02:21:05', 'success'),
(71, 'Data', 'Edit opportunities', 'opportunities (id: 2) modification successful.  Failed!', 1, '2022-08-14 02:21:26', 'success'),
(72, 'Data', 'Insert Opportunities_volunteers', 'Opportunities_volunteers creation  Failed!', 1, '2022-08-14 02:21:26', 'success'),
(73, 'Data', 'Edit opportunities', 'opportunities (id: 2) modification successful.  Failed!', 1, '2022-08-14 02:23:20', 'success'),
(74, 'Data', 'Edit opportunities', 'opportunities (id: 2) modification successful.  Failed!', 1, '2022-08-14 02:30:33', 'success'),
(75, 'Data', 'Insert Opportunities_volunteers', 'Opportunities_volunteers creation  Failed!', 1, '2022-08-14 02:30:33', 'success'),
(76, 'Data', 'Edit opportunities', 'opportunities (id: 2) modification successful.  Failed!', 1, '2022-08-14 02:30:58', 'success'),
(77, 'Data', 'Insert Opportunities_volunteers', 'Opportunities_volunteers creation  Failed!', 1, '2022-08-14 02:30:58', 'success'),
(78, 'Data', 'Edit opportunities', 'opportunities (id: 2) modification successful.  Failed!', 1, '2022-08-14 02:51:56', 'success'),
(79, 'Data', 'Delete All Opportunity Volunteers', 'All Opportunity Volunteers Deletion  Failed!', 1, '2022-08-14 02:51:56', 'success'),
(80, 'Data', 'Insert Opportunities_volunteers', 'Opportunities_volunteers creation  Failed!', 1, '2022-08-14 02:51:56', 'success'),
(81, 'Data', 'Insert Opportunities_volunteers', 'Opportunities_volunteers creation  Failed!', 1, '2022-08-14 02:51:57', 'success'),
(82, 'Data', 'Edit opportunities', 'opportunities (id: 2) modification successful.  Failed!', 1, '2022-08-14 02:52:03', 'success'),
(83, 'Data', 'Delete All Opportunity Volunteers', 'All Opportunity Volunteers Deletion  Failed!', 1, '2022-08-14 02:52:04', 'success'),
(84, 'Data', 'Insert Opportunities_volunteers', 'Opportunities_volunteers creation  Failed!', 1, '2022-08-14 02:52:04', 'success'),
(85, 'Data', 'Edit opportunities', 'opportunities (id: 2) modification successful.  Failed!', 1, '2022-08-14 02:52:15', 'success'),
(86, 'Data', 'Delete All Opportunity Volunteers', 'All Opportunity Volunteers Deletion  Failed!', 1, '2022-08-14 02:52:15', 'success'),
(87, 'Data', 'Insert Opportunities_volunteers', 'Opportunities_volunteers creation  Failed!', 1, '2022-08-14 02:52:15', 'success'),
(88, 'Data', 'Insert Opportunities_volunteers', 'Opportunities_volunteers creation  Failed!', 1, '2022-08-14 02:52:15', 'success'),
(89, 'Data', 'Insert Opportunities_volunteers', 'Opportunities_volunteers creation  Failed!', 1, '2022-08-14 02:52:15', 'success'),
(90, 'Data', 'Edit opportunities', 'opportunities (id: 2) modification successful.  Failed!', 1, '2022-08-14 02:52:25', 'success'),
(91, 'Data', 'Delete All Opportunity Volunteers', 'All Opportunity Volunteers Deletion  Failed!', 1, '2022-08-14 02:52:25', 'success'),
(92, 'Data', 'Insert Opportunities_volunteers', 'Opportunities_volunteers creation  Failed!', 1, '2022-08-14 02:52:25', 'success'),
(93, 'Data', 'Insert Opportunities_volunteers', 'Opportunities_volunteers creation  Failed!', 1, '2022-08-14 02:52:25', 'success'),
(94, 'Data', 'Delete ', ' 12 deletion succeeded!', 1, '2022-08-14 13:53:43', 'success'),
(95, 'Data', 'Delete ', ' 11 deletion succeeded!', 1, '2022-08-14 13:53:59', 'success'),
(96, 'Data', 'Delete ', ' 10 deletion succeeded!', 1, '2022-08-14 13:54:28', 'success'),
(97, 'Data', 'Delete opportunities', ' 9 deletion  Failed!', 1, '2022-08-14 13:56:34', 'success'),
(98, 'Data', 'Delete opportunities', '  deletion  Failed!', 1, '2022-08-14 13:57:48', 'success'),
(99, 'Data', 'Delete opportunities', 'Opportunities 5 deletion  Failed!', 1, '2022-08-14 13:58:52', 'success'),
(100, 'Data', 'Delete opportunities', 'Opportunities 4 deletion  Failed!', 1, '2022-08-14 13:59:24', 'success');

-- --------------------------------------------------------

--
-- Table structure for table `centers`
--

CREATE TABLE `centers` (
  `id` int(10) UNSIGNED NOT NULL,
  `name` varchar(250) NOT NULL,
  `location` varchar(250) NOT NULL
) ENGINE=InnoDB DEFAULT CHARSET=latin1;

--
-- Dumping data for table `centers`
--

INSERT INTO `centers` (`id`, `name`, `location`) VALUES
(1, 'Simple Center', '123 Location St. Jacksonville, Fl'),
(2, 'Cali Location', '654 Street Dr. San Marcos, Ca');

-- --------------------------------------------------------

--
-- Table structure for table `ci_sessions`
--

CREATE TABLE `ci_sessions` (
  `id` varchar(128) NOT NULL,
  `ip_address` varchar(45) NOT NULL,
  `timestamp` int(10) UNSIGNED NOT NULL DEFAULT 0,
  `data` blob NOT NULL
) ENGINE=InnoDB DEFAULT CHARSET=utf8;

--
-- Dumping data for table `ci_sessions`
--

INSERT INTO `ci_sessions` (`id`, `ip_address`, `timestamp`, `data`) VALUES
('q8gji9lqo73sc64ndge8rp866s2718e6', '::1', 1660219232, 0x5f5f63695f6c6173745f726567656e65726174657c693a313636303231393233323b6d6573736167657c733a32393a223c703e4c6f6767656420496e205375636365737366756c6c793c2f703e223b5f5f63695f766172737c613a313a7b733a373a226d657373616765223b733a333a226f6c64223b7d6964656e746974797c733a31373a226e303134343239373740756e662e656475223b656d61696c7c733a31373a226e303134343239373740756e662e656475223b757365725f69647c733a313a2231223b6f6c645f6c6173745f6c6f67696e7c733a31303a2231363539383838353330223b6c6173745f636865636b7c693a313635393939363337353b696f6e5f617574685f73657373696f6e5f686173687c733a34303a2236353833643663346632303539393865636163633966353162363861326132653434656130303036223b),
('f11vk11bj3ad7gb6mu6147mba8jrvhrt', '::1', 1660221257, 0x5f5f63695f6c6173745f726567656e65726174657c693a313636303232313235373b6d6573736167657c733a32393a223c703e4c6f6767656420496e205375636365737366756c6c793c2f703e223b5f5f63695f766172737c613a313a7b733a373a226d657373616765223b733a333a226f6c64223b7d6964656e746974797c733a31373a226e303134343239373740756e662e656475223b656d61696c7c733a31373a226e303134343239373740756e662e656475223b757365725f69647c733a313a2231223b6f6c645f6c6173745f6c6f67696e7c733a31303a2231363539383838353330223b6c6173745f636865636b7c693a313635393939363337353b696f6e5f617574685f73657373696f6e5f686173687c733a34303a2236353833643663346632303539393865636163633966353162363861326132653434656130303036223b),
('utfs6maikc22i8j8tkke6o04d354q8na', '::1', 1660221685, 0x5f5f63695f6c6173745f726567656e65726174657c693a313636303232313638353b6d6573736167657c733a32393a223c703e4c6f6767656420496e205375636365737366756c6c793c2f703e223b5f5f63695f766172737c613a313a7b733a373a226d657373616765223b733a333a226f6c64223b7d6964656e746974797c733a31373a226e303134343239373740756e662e656475223b656d61696c7c733a31373a226e303134343239373740756e662e656475223b757365725f69647c733a313a2231223b6f6c645f6c6173745f6c6f67696e7c733a31303a2231363539383838353330223b6c6173745f636865636b7c693a313635393939363337353b696f6e5f617574685f73657373696f6e5f686173687c733a34303a2236353833643663346632303539393865636163633966353162363861326132653434656130303036223b),
('8pb8bj5qua9op0phh2j0f1dhta99hnp0', '::1', 1660222234, 0x5f5f63695f6c6173745f726567656e65726174657c693a313636303232323233343b6d6573736167657c733a32393a223c703e4c6f6767656420496e205375636365737366756c6c793c2f703e223b5f5f63695f766172737c613a313a7b733a373a226d657373616765223b733a333a226f6c64223b7d6964656e746974797c733a31373a226e303134343239373740756e662e656475223b656d61696c7c733a31373a226e303134343239373740756e662e656475223b757365725f69647c733a313a2231223b6f6c645f6c6173745f6c6f67696e7c733a31303a2231363539383838353330223b6c6173745f636865636b7c693a313635393939363337353b696f6e5f617574685f73657373696f6e5f686173687c733a34303a2236353833643663346632303539393865636163633966353162363861326132653434656130303036223b),
('956kd8vg8l32fprecorj1m67or2bje50', '::1', 1660257954, 0x5f5f63695f6c6173745f726567656e65726174657c693a313636303235373935343b6d6573736167657c733a32393a223c703e4c6f6767656420496e205375636365737366756c6c793c2f703e223b5f5f63695f766172737c613a313a7b733a373a226d657373616765223b733a333a226f6c64223b7d6964656e746974797c733a31373a226e303134343239373740756e662e656475223b656d61696c7c733a31373a226e303134343239373740756e662e656475223b757365725f69647c733a313a2231223b6f6c645f6c6173745f6c6f67696e7c733a31303a2231363539383838353330223b6c6173745f636865636b7c693a313635393939363337353b696f6e5f617574685f73657373696f6e5f686173687c733a34303a2236353833643663346632303539393865636163633966353162363861326132653434656130303036223b),
('buhaaaj3bi12be2fjsndreiiolsm3k9n', '::1', 1660258260, 0x5f5f63695f6c6173745f726567656e65726174657c693a313636303235383236303b6d6573736167657c733a32393a223c703e4c6f6767656420496e205375636365737366756c6c793c2f703e223b5f5f63695f766172737c613a313a7b733a373a226d657373616765223b733a333a226f6c64223b7d6964656e746974797c733a31373a226e303134343239373740756e662e656475223b656d61696c7c733a31373a226e303134343239373740756e662e656475223b757365725f69647c733a313a2231223b6f6c645f6c6173745f6c6f67696e7c733a31303a2231363539383838353330223b6c6173745f636865636b7c693a313635393939363337353b696f6e5f617574685f73657373696f6e5f686173687c733a34303a2236353833643663346632303539393865636163633966353162363861326132653434656130303036223b),
('2gubj5uob1ddcnk8tjft9hq46u4578dr', '::1', 1660258605, 0x5f5f63695f6c6173745f726567656e65726174657c693a313636303235383630353b6d6573736167657c733a32393a223c703e4c6f6767656420496e205375636365737366756c6c793c2f703e223b5f5f63695f766172737c613a313a7b733a373a226d657373616765223b733a333a226f6c64223b7d6964656e746974797c733a31373a226e303134343239373740756e662e656475223b656d61696c7c733a31373a226e303134343239373740756e662e656475223b757365725f69647c733a313a2231223b6f6c645f6c6173745f6c6f67696e7c733a31303a2231363539383838353330223b6c6173745f636865636b7c693a313635393939363337353b696f6e5f617574685f73657373696f6e5f686173687c733a34303a2236353833643663346632303539393865636163633966353162363861326132653434656130303036223b),
('8r8532e2rbsa882gt0sv7j60bfl7uv6r', '::1', 1660259743, 0x5f5f63695f6c6173745f726567656e65726174657c693a313636303235393734333b6d6573736167657c733a32393a223c703e4c6f6767656420496e205375636365737366756c6c793c2f703e223b5f5f63695f766172737c613a313a7b733a373a226d657373616765223b733a333a226f6c64223b7d6964656e746974797c733a31373a226e303134343239373740756e662e656475223b656d61696c7c733a31373a226e303134343239373740756e662e656475223b757365725f69647c733a313a2231223b6f6c645f6c6173745f6c6f67696e7c733a31303a2231363539383838353330223b6c6173745f636865636b7c693a313635393939363337353b696f6e5f617574685f73657373696f6e5f686173687c733a34303a2236353833643663346632303539393865636163633966353162363861326132653434656130303036223b),
('itas6n9cb0bk18ms3hcevf62bfhtrbfq', '::1', 1660260676, 0x5f5f63695f6c6173745f726567656e65726174657c693a313636303236303637363b6d6573736167657c733a32393a223c703e4c6f6767656420496e205375636365737366756c6c793c2f703e223b5f5f63695f766172737c613a313a7b733a373a226d657373616765223b733a333a226f6c64223b7d6964656e746974797c733a31373a226e303134343239373740756e662e656475223b656d61696c7c733a31373a226e303134343239373740756e662e656475223b757365725f69647c733a313a2231223b6f6c645f6c6173745f6c6f67696e7c733a31303a2231363539383838353330223b6c6173745f636865636b7c693a313635393939363337353b696f6e5f617574685f73657373696f6e5f686173687c733a34303a2236353833643663346632303539393865636163633966353162363861326132653434656130303036223b),
('nh7iq66qu3gdk2ikfgpft64ae7ou97na', '::1', 1660261045, 0x5f5f63695f6c6173745f726567656e65726174657c693a313636303236313034353b6d6573736167657c733a32393a223c703e4c6f6767656420496e205375636365737366756c6c793c2f703e223b5f5f63695f766172737c613a313a7b733a373a226d657373616765223b733a333a226f6c64223b7d6964656e746974797c733a31373a226e303134343239373740756e662e656475223b656d61696c7c733a31373a226e303134343239373740756e662e656475223b757365725f69647c733a313a2231223b6f6c645f6c6173745f6c6f67696e7c733a31303a2231363539383838353330223b6c6173745f636865636b7c693a313635393939363337353b696f6e5f617574685f73657373696f6e5f686173687c733a34303a2236353833643663346632303539393865636163633966353162363861326132653434656130303036223b),
('2t3mtb4hulhl9nftt1jcrqkis3i3ul27', '::1', 1660262036, 0x5f5f63695f6c6173745f726567656e65726174657c693a313636303236323033363b6d6573736167657c733a32393a223c703e4c6f6767656420496e205375636365737366756c6c793c2f703e223b5f5f63695f766172737c613a313a7b733a373a226d657373616765223b733a333a226f6c64223b7d6964656e746974797c733a31373a226e303134343239373740756e662e656475223b656d61696c7c733a31373a226e303134343239373740756e662e656475223b757365725f69647c733a313a2231223b6f6c645f6c6173745f6c6f67696e7c733a31303a2231363539383838353330223b6c6173745f636865636b7c693a313635393939363337353b696f6e5f617574685f73657373696f6e5f686173687c733a34303a2236353833643663346632303539393865636163633966353162363861326132653434656130303036223b),
('2hlsfq4m2j1ne689hdd0h8pls40v0k3n', '::1', 1660264113, 0x5f5f63695f6c6173745f726567656e65726174657c693a313636303236343131333b6d6573736167657c733a32393a223c703e4c6f6767656420496e205375636365737366756c6c793c2f703e223b5f5f63695f766172737c613a313a7b733a373a226d657373616765223b733a333a226f6c64223b7d6964656e746974797c733a31373a226e303134343239373740756e662e656475223b656d61696c7c733a31373a226e303134343239373740756e662e656475223b757365725f69647c733a313a2231223b6f6c645f6c6173745f6c6f67696e7c733a31303a2231363539383838353330223b6c6173745f636865636b7c693a313635393939363337353b696f6e5f617574685f73657373696f6e5f686173687c733a34303a2236353833643663346632303539393865636163633966353162363861326132653434656130303036223b),
('11rqbej455dcuti57efeb2m5f187v13f', '::1', 1660268835, 0x5f5f63695f6c6173745f726567656e65726174657c693a313636303236383833353b6d6573736167657c733a32393a223c703e4c6f6767656420496e205375636365737366756c6c793c2f703e223b5f5f63695f766172737c613a313a7b733a373a226d657373616765223b733a333a226f6c64223b7d6964656e746974797c733a31373a226e303134343239373740756e662e656475223b656d61696c7c733a31373a226e303134343239373740756e662e656475223b757365725f69647c733a313a2231223b6f6c645f6c6173745f6c6f67696e7c733a31303a2231363539383838353330223b6c6173745f636865636b7c693a313635393939363337353b696f6e5f617574685f73657373696f6e5f686173687c733a34303a2236353833643663346632303539393865636163633966353162363861326132653434656130303036223b),
('9n6qt9m8okq7pa8qt8jl6c7hu6g0i682', '::1', 1660269722, 0x5f5f63695f6c6173745f726567656e65726174657c693a313636303236393732323b6d6573736167657c733a32393a223c703e4c6f6767656420496e205375636365737366756c6c793c2f703e223b5f5f63695f766172737c613a313a7b733a373a226d657373616765223b733a333a226f6c64223b7d6964656e746974797c733a31373a226e303134343239373740756e662e656475223b656d61696c7c733a31373a226e303134343239373740756e662e656475223b757365725f69647c733a313a2231223b6f6c645f6c6173745f6c6f67696e7c733a31303a2231363539383838353330223b6c6173745f636865636b7c693a313635393939363337353b696f6e5f617574685f73657373696f6e5f686173687c733a34303a2236353833643663346632303539393865636163633966353162363861326132653434656130303036223b),
('1u9iidp9obk90ruhc2juh3q71ejntqi6', '::1', 1660270425, 0x5f5f63695f6c6173745f726567656e65726174657c693a313636303237303432353b6d6573736167657c733a32393a223c703e4c6f6767656420496e205375636365737366756c6c793c2f703e223b5f5f63695f766172737c613a313a7b733a373a226d657373616765223b733a333a226f6c64223b7d6964656e746974797c733a31373a226e303134343239373740756e662e656475223b656d61696c7c733a31373a226e303134343239373740756e662e656475223b757365725f69647c733a313a2231223b6f6c645f6c6173745f6c6f67696e7c733a31303a2231363539383838353330223b6c6173745f636865636b7c693a313635393939363337353b696f6e5f617574685f73657373696f6e5f686173687c733a34303a2236353833643663346632303539393865636163633966353162363861326132653434656130303036223b),
('i7fgpekaa9o98rs9a061fhj94g66uog3', '::1', 1660305863, 0x5f5f63695f6c6173745f726567656e65726174657c693a313636303330353836303b6d6573736167657c733a32393a223c703e4c6f6767656420496e205375636365737366756c6c793c2f703e223b5f5f63695f766172737c613a313a7b733a373a226d657373616765223b733a333a226f6c64223b7d6964656e746974797c733a31373a226e303134343239373740756e662e656475223b656d61696c7c733a31373a226e303134343239373740756e662e656475223b757365725f69647c733a313a2231223b6f6c645f6c6173745f6c6f67696e7c733a31303a2231363539383838353330223b6c6173745f636865636b7c693a313635393939363337353b696f6e5f617574685f73657373696f6e5f686173687c733a34303a2236353833643663346632303539393865636163633966353162363861326132653434656130303036223b),
('v72clcod35ds8fjbhqartmrngeshaui9', '::1', 1660306420, 0x5f5f63695f6c6173745f726567656e65726174657c693a313636303330363432303b6d6573736167657c733a32393a223c703e4c6f6767656420496e205375636365737366756c6c793c2f703e223b5f5f63695f766172737c613a313a7b733a373a226d657373616765223b733a333a226f6c64223b7d6964656e746974797c733a31373a226e303134343239373740756e662e656475223b656d61696c7c733a31373a226e303134343239373740756e662e656475223b757365725f69647c733a313a2231223b6f6c645f6c6173745f6c6f67696e7c733a31303a2231363539383838353330223b6c6173745f636865636b7c693a313635393939363337353b696f6e5f617574685f73657373696f6e5f686173687c733a34303a2236353833643663346632303539393865636163633966353162363861326132653434656130303036223b),
('b1faf94d9ru1kvncpkdbtk7sirdol541', '::1', 1660307111, 0x5f5f63695f6c6173745f726567656e65726174657c693a313636303330373131313b6d6573736167657c733a32393a223c703e4c6f6767656420496e205375636365737366756c6c793c2f703e223b5f5f63695f766172737c613a313a7b733a373a226d657373616765223b733a333a226f6c64223b7d6964656e746974797c733a31373a226e303134343239373740756e662e656475223b656d61696c7c733a31373a226e303134343239373740756e662e656475223b757365725f69647c733a313a2231223b6f6c645f6c6173745f6c6f67696e7c733a31303a2231363539383838353330223b6c6173745f636865636b7c693a313635393939363337353b696f6e5f617574685f73657373696f6e5f686173687c733a34303a2236353833643663346632303539393865636163633966353162363861326132653434656130303036223b),
('0atnu2mh3ubla8oquvm4ot6ngqh67rvv', '::1', 1660307414, 0x5f5f63695f6c6173745f726567656e65726174657c693a313636303330373431343b6d6573736167657c733a32393a223c703e4c6f6767656420496e205375636365737366756c6c793c2f703e223b5f5f63695f766172737c613a313a7b733a373a226d657373616765223b733a333a226f6c64223b7d6964656e746974797c733a31373a226e303134343239373740756e662e656475223b656d61696c7c733a31373a226e303134343239373740756e662e656475223b757365725f69647c733a313a2231223b6f6c645f6c6173745f6c6f67696e7c733a31303a2231363539383838353330223b6c6173745f636865636b7c693a313635393939363337353b696f6e5f617574685f73657373696f6e5f686173687c733a34303a2236353833643663346632303539393865636163633966353162363861326132653434656130303036223b),
('v9trmiacknksmn3fqamobq9miolu0ceb', '::1', 1660327226, 0x5f5f63695f6c6173745f726567656e65726174657c693a313636303332373232363b6d6573736167657c733a32393a223c703e4c6f6767656420496e205375636365737366756c6c793c2f703e223b5f5f63695f766172737c613a313a7b733a373a226d657373616765223b733a333a226f6c64223b7d6964656e746974797c733a31373a226e303134343239373740756e662e656475223b656d61696c7c733a31373a226e303134343239373740756e662e656475223b757365725f69647c733a313a2231223b6f6c645f6c6173745f6c6f67696e7c733a31303a2231363539383838353330223b6c6173745f636865636b7c693a313635393939363337353b696f6e5f617574685f73657373696f6e5f686173687c733a34303a2236353833643663346632303539393865636163633966353162363861326132653434656130303036223b),
('mvk4md4snl0b0m7euvfg40ev0b37pcng', '::1', 1660327611, 0x5f5f63695f6c6173745f726567656e65726174657c693a313636303332373631313b6d6573736167657c733a32393a223c703e4c6f6767656420496e205375636365737366756c6c793c2f703e223b5f5f63695f766172737c613a313a7b733a373a226d657373616765223b733a333a226f6c64223b7d6964656e746974797c733a31373a226e303134343239373740756e662e656475223b656d61696c7c733a31373a226e303134343239373740756e662e656475223b757365725f69647c733a313a2231223b6f6c645f6c6173745f6c6f67696e7c733a31303a2231363539383838353330223b6c6173745f636865636b7c693a313635393939363337353b696f6e5f617574685f73657373696f6e5f686173687c733a34303a2236353833643663346632303539393865636163633966353162363861326132653434656130303036223b),
('enijok21u6f08opbgsupuhdcj15qs98m', '::1', 1660327956, 0x5f5f63695f6c6173745f726567656e65726174657c693a313636303332373935363b6d6573736167657c733a32393a223c703e4c6f6767656420496e205375636365737366756c6c793c2f703e223b5f5f63695f766172737c613a313a7b733a373a226d657373616765223b733a333a226f6c64223b7d6964656e746974797c733a31373a226e303134343239373740756e662e656475223b656d61696c7c733a31373a226e303134343239373740756e662e656475223b757365725f69647c733a313a2231223b6f6c645f6c6173745f6c6f67696e7c733a31303a2231363539383838353330223b6c6173745f636865636b7c693a313635393939363337353b696f6e5f617574685f73657373696f6e5f686173687c733a34303a2236353833643663346632303539393865636163633966353162363861326132653434656130303036223b),
('d6mpjhsc46129tn2a86n5klkuf2909oa', '::1', 1660328273, 0x5f5f63695f6c6173745f726567656e65726174657c693a313636303332383237333b6d6573736167657c733a32393a223c703e4c6f6767656420496e205375636365737366756c6c793c2f703e223b5f5f63695f766172737c613a313a7b733a373a226d657373616765223b733a333a226f6c64223b7d6964656e746974797c733a31373a226e303134343239373740756e662e656475223b656d61696c7c733a31373a226e303134343239373740756e662e656475223b757365725f69647c733a313a2231223b6f6c645f6c6173745f6c6f67696e7c733a31303a2231363539383838353330223b6c6173745f636865636b7c693a313635393939363337353b696f6e5f617574685f73657373696f6e5f686173687c733a34303a2236353833643663346632303539393865636163633966353162363861326132653434656130303036223b),
('j99qi0eak30c27ih89uc3nkv012cklv1', '::1', 1660328851, 0x5f5f63695f6c6173745f726567656e65726174657c693a313636303332383835313b6d6573736167657c733a32393a223c703e4c6f6767656420496e205375636365737366756c6c793c2f703e223b5f5f63695f766172737c613a313a7b733a373a226d657373616765223b733a333a226f6c64223b7d6964656e746974797c733a31373a226e303134343239373740756e662e656475223b656d61696c7c733a31373a226e303134343239373740756e662e656475223b757365725f69647c733a313a2231223b6f6c645f6c6173745f6c6f67696e7c733a31303a2231363539383838353330223b6c6173745f636865636b7c693a313635393939363337353b696f6e5f617574685f73657373696f6e5f686173687c733a34303a2236353833643663346632303539393865636163633966353162363861326132653434656130303036223b),
('0a9s3nkoafj07795a0oh035j6f70bj85', '::1', 1660329823, 0x5f5f63695f6c6173745f726567656e65726174657c693a313636303332393832333b6d6573736167657c733a32393a223c703e4c6f6767656420496e205375636365737366756c6c793c2f703e223b5f5f63695f766172737c613a313a7b733a373a226d657373616765223b733a333a226f6c64223b7d6964656e746974797c733a31373a226e303134343239373740756e662e656475223b656d61696c7c733a31373a226e303134343239373740756e662e656475223b757365725f69647c733a313a2231223b6f6c645f6c6173745f6c6f67696e7c733a31303a2231363539383838353330223b6c6173745f636865636b7c693a313635393939363337353b696f6e5f617574685f73657373696f6e5f686173687c733a34303a2236353833643663346632303539393865636163633966353162363861326132653434656130303036223b),
('jar040a8f15dirbr2uej4kd812fnba07', '::1', 1660330152, 0x5f5f63695f6c6173745f726567656e65726174657c693a313636303333303135323b6d6573736167657c733a32393a223c703e4c6f6767656420496e205375636365737366756c6c793c2f703e223b5f5f63695f766172737c613a313a7b733a373a226d657373616765223b733a333a226f6c64223b7d6964656e746974797c733a31373a226e303134343239373740756e662e656475223b656d61696c7c733a31373a226e303134343239373740756e662e656475223b757365725f69647c733a313a2231223b6f6c645f6c6173745f6c6f67696e7c733a31303a2231363539383838353330223b6c6173745f636865636b7c693a313635393939363337353b696f6e5f617574685f73657373696f6e5f686173687c733a34303a2236353833643663346632303539393865636163633966353162363861326132653434656130303036223b),
('mob53gfu42v2ipgsrkj1e5bs9o3vjehd', '::1', 1660330477, 0x5f5f63695f6c6173745f726567656e65726174657c693a313636303333303437373b6d6573736167657c733a32393a223c703e4c6f6767656420496e205375636365737366756c6c793c2f703e223b5f5f63695f766172737c613a313a7b733a373a226d657373616765223b733a333a226f6c64223b7d6964656e746974797c733a31373a226e303134343239373740756e662e656475223b656d61696c7c733a31373a226e303134343239373740756e662e656475223b757365725f69647c733a313a2231223b6f6c645f6c6173745f6c6f67696e7c733a31303a2231363539383838353330223b6c6173745f636865636b7c693a313635393939363337353b696f6e5f617574685f73657373696f6e5f686173687c733a34303a2236353833643663346632303539393865636163633966353162363861326132653434656130303036223b),
('ane6gq1e9cn2oa4l5fa98ljq9j370ct3', '::1', 1660331719, 0x5f5f63695f6c6173745f726567656e65726174657c693a313636303333313731393b6d6573736167657c733a32393a223c703e4c6f6767656420496e205375636365737366756c6c793c2f703e223b5f5f63695f766172737c613a313a7b733a373a226d657373616765223b733a333a226f6c64223b7d6964656e746974797c733a31373a226e303134343239373740756e662e656475223b656d61696c7c733a31373a226e303134343239373740756e662e656475223b757365725f69647c733a313a2231223b6f6c645f6c6173745f6c6f67696e7c733a31303a2231363539383838353330223b6c6173745f636865636b7c693a313635393939363337353b696f6e5f617574685f73657373696f6e5f686173687c733a34303a2236353833643663346632303539393865636163633966353162363861326132653434656130303036223b),
('c8qfn7dhc74vd4dqjcpdc74m3e6ujcq0', '::1', 1660332081, 0x5f5f63695f6c6173745f726567656e65726174657c693a313636303333323038313b6d6573736167657c733a32393a223c703e4c6f6767656420496e205375636365737366756c6c793c2f703e223b5f5f63695f766172737c613a313a7b733a373a226d657373616765223b733a333a226f6c64223b7d6964656e746974797c733a31373a226e303134343239373740756e662e656475223b656d61696c7c733a31373a226e303134343239373740756e662e656475223b757365725f69647c733a313a2231223b6f6c645f6c6173745f6c6f67696e7c733a31303a2231363539383838353330223b6c6173745f636865636b7c693a313635393939363337353b696f6e5f617574685f73657373696f6e5f686173687c733a34303a2236353833643663346632303539393865636163633966353162363861326132653434656130303036223b),
('b7nthn3ir7vph7k32att3i2miho1pm7u', '::1', 1660332383, 0x5f5f63695f6c6173745f726567656e65726174657c693a313636303333323338333b6d6573736167657c733a32393a223c703e4c6f6767656420496e205375636365737366756c6c793c2f703e223b5f5f63695f766172737c613a313a7b733a373a226d657373616765223b733a333a226f6c64223b7d6964656e746974797c733a31373a226e303134343239373740756e662e656475223b656d61696c7c733a31373a226e303134343239373740756e662e656475223b757365725f69647c733a313a2231223b6f6c645f6c6173745f6c6f67696e7c733a31303a2231363539383838353330223b6c6173745f636865636b7c693a313635393939363337353b696f6e5f617574685f73657373696f6e5f686173687c733a34303a2236353833643663346632303539393865636163633966353162363861326132653434656130303036223b),
('idu4tbcmc4vjdpiegbebit86jma0llra', '::1', 1660332936, 0x5f5f63695f6c6173745f726567656e65726174657c693a313636303333323933363b6d6573736167657c733a32393a223c703e4c6f6767656420496e205375636365737366756c6c793c2f703e223b5f5f63695f766172737c613a313a7b733a373a226d657373616765223b733a333a226f6c64223b7d6964656e746974797c733a31373a226e303134343239373740756e662e656475223b656d61696c7c733a31373a226e303134343239373740756e662e656475223b757365725f69647c733a313a2231223b6f6c645f6c6173745f6c6f67696e7c733a31303a2231363539383838353330223b6c6173745f636865636b7c693a313635393939363337353b696f6e5f617574685f73657373696f6e5f686173687c733a34303a2236353833643663346632303539393865636163633966353162363861326132653434656130303036223b),
('vlbi9fhe085r7851jqf0bvnp9niqhb5r', '::1', 1660333244, 0x5f5f63695f6c6173745f726567656e65726174657c693a313636303333333234343b6d6573736167657c733a32393a223c703e4c6f6767656420496e205375636365737366756c6c793c2f703e223b5f5f63695f766172737c613a313a7b733a373a226d657373616765223b733a333a226f6c64223b7d6964656e746974797c733a31373a226e303134343239373740756e662e656475223b656d61696c7c733a31373a226e303134343239373740756e662e656475223b757365725f69647c733a313a2231223b6f6c645f6c6173745f6c6f67696e7c733a31303a2231363539383838353330223b6c6173745f636865636b7c693a313635393939363337353b696f6e5f617574685f73657373696f6e5f686173687c733a34303a2236353833643663346632303539393865636163633966353162363861326132653434656130303036223b),
('a2ausdsb32g015rh3i6nehgmdsdk58rv', '::1', 1660333870, 0x5f5f63695f6c6173745f726567656e65726174657c693a313636303333333837303b6d6573736167657c733a32393a223c703e4c6f6767656420496e205375636365737366756c6c793c2f703e223b5f5f63695f766172737c613a313a7b733a373a226d657373616765223b733a333a226f6c64223b7d6964656e746974797c733a31373a226e303134343239373740756e662e656475223b656d61696c7c733a31373a226e303134343239373740756e662e656475223b757365725f69647c733a313a2231223b6f6c645f6c6173745f6c6f67696e7c733a31303a2231363539383838353330223b6c6173745f636865636b7c693a313635393939363337353b696f6e5f617574685f73657373696f6e5f686173687c733a34303a2236353833643663346632303539393865636163633966353162363861326132653434656130303036223b),
('6kom2qs4am0nhvqbmo47s9uee12lpbe0', '::1', 1660334351, 0x5f5f63695f6c6173745f726567656e65726174657c693a313636303333343335313b6d6573736167657c733a32393a223c703e4c6f6767656420496e205375636365737366756c6c793c2f703e223b5f5f63695f766172737c613a313a7b733a373a226d657373616765223b733a333a226f6c64223b7d6964656e746974797c733a31373a226e303134343239373740756e662e656475223b656d61696c7c733a31373a226e303134343239373740756e662e656475223b757365725f69647c733a313a2231223b6f6c645f6c6173745f6c6f67696e7c733a31303a2231363539383838353330223b6c6173745f636865636b7c693a313635393939363337353b696f6e5f617574685f73657373696f6e5f686173687c733a34303a2236353833643663346632303539393865636163633966353162363861326132653434656130303036223b),
('hek8h3sv3ebakpdlpusb278kqgunvq6e', '::1', 1660334669, 0x5f5f63695f6c6173745f726567656e65726174657c693a313636303333343636393b6d6573736167657c733a32393a223c703e4c6f6767656420496e205375636365737366756c6c793c2f703e223b5f5f63695f766172737c613a313a7b733a373a226d657373616765223b733a333a226f6c64223b7d6964656e746974797c733a31373a226e303134343239373740756e662e656475223b656d61696c7c733a31373a226e303134343239373740756e662e656475223b757365725f69647c733a313a2231223b6f6c645f6c6173745f6c6f67696e7c733a31303a2231363539383838353330223b6c6173745f636865636b7c693a313635393939363337353b696f6e5f617574685f73657373696f6e5f686173687c733a34303a2236353833643663346632303539393865636163633966353162363861326132653434656130303036223b),
('vg43v9j41m13c9o2ehkokeharr9itc52', '::1', 1660348758, 0x5f5f63695f6c6173745f726567656e65726174657c693a313636303334383735383b6d6573736167657c733a32393a223c703e4c6f6767656420496e205375636365737366756c6c793c2f703e223b5f5f63695f766172737c613a313a7b733a373a226d657373616765223b733a333a226f6c64223b7d6964656e746974797c733a31373a226e303134343239373740756e662e656475223b656d61696c7c733a31373a226e303134343239373740756e662e656475223b757365725f69647c733a313a2231223b6f6c645f6c6173745f6c6f67696e7c733a31303a2231363539383838353330223b6c6173745f636865636b7c693a313635393939363337353b696f6e5f617574685f73657373696f6e5f686173687c733a34303a2236353833643663346632303539393865636163633966353162363861326132653434656130303036223b),
('898j2is1mbmuvkfnb8q40eq40jtl4qa3', '::1', 1660349083, 0x5f5f63695f6c6173745f726567656e65726174657c693a313636303334393038333b6d6573736167657c733a32393a223c703e4c6f6767656420496e205375636365737366756c6c793c2f703e223b5f5f63695f766172737c613a313a7b733a373a226d657373616765223b733a333a226f6c64223b7d6964656e746974797c733a31373a226e303134343239373740756e662e656475223b656d61696c7c733a31373a226e303134343239373740756e662e656475223b757365725f69647c733a313a2231223b6f6c645f6c6173745f6c6f67696e7c733a31303a2231363539383838353330223b6c6173745f636865636b7c693a313635393939363337353b696f6e5f617574685f73657373696f6e5f686173687c733a34303a2236353833643663346632303539393865636163633966353162363861326132653434656130303036223b),
('3adlhbkl6kbpo4p158b4afcictj16kqa', '::1', 1660349422, 0x5f5f63695f6c6173745f726567656e65726174657c693a313636303334393432323b6d6573736167657c733a32393a223c703e4c6f6767656420496e205375636365737366756c6c793c2f703e223b5f5f63695f766172737c613a313a7b733a373a226d657373616765223b733a333a226f6c64223b7d6964656e746974797c733a31373a226e303134343239373740756e662e656475223b656d61696c7c733a31373a226e303134343239373740756e662e656475223b757365725f69647c733a313a2231223b6f6c645f6c6173745f6c6f67696e7c733a31303a2231363539383838353330223b6c6173745f636865636b7c693a313635393939363337353b696f6e5f617574685f73657373696f6e5f686173687c733a34303a2236353833643663346632303539393865636163633966353162363861326132653434656130303036223b),
('72gnei1avb4cr869f623dmtrvgi40km5', '::1', 1660349848, 0x5f5f63695f6c6173745f726567656e65726174657c693a313636303334393834383b6d6573736167657c733a32393a223c703e4c6f6767656420496e205375636365737366756c6c793c2f703e223b5f5f63695f766172737c613a313a7b733a373a226d657373616765223b733a333a226f6c64223b7d6964656e746974797c733a31373a226e303134343239373740756e662e656475223b656d61696c7c733a31373a226e303134343239373740756e662e656475223b757365725f69647c733a313a2231223b6f6c645f6c6173745f6c6f67696e7c733a31303a2231363539383838353330223b6c6173745f636865636b7c693a313635393939363337353b696f6e5f617574685f73657373696f6e5f686173687c733a34303a2236353833643663346632303539393865636163633966353162363861326132653434656130303036223b),
('th8gagbqqoduo2sfvv51efmgtnpcogi7', '::1', 1660350220, 0x5f5f63695f6c6173745f726567656e65726174657c693a313636303335303232303b6d6573736167657c733a32393a223c703e4c6f6767656420496e205375636365737366756c6c793c2f703e223b5f5f63695f766172737c613a313a7b733a373a226d657373616765223b733a333a226f6c64223b7d6964656e746974797c733a31373a226e303134343239373740756e662e656475223b656d61696c7c733a31373a226e303134343239373740756e662e656475223b757365725f69647c733a313a2231223b6f6c645f6c6173745f6c6f67696e7c733a31303a2231363539383838353330223b6c6173745f636865636b7c693a313635393939363337353b696f6e5f617574685f73657373696f6e5f686173687c733a34303a2236353833643663346632303539393865636163633966353162363861326132653434656130303036223b),
('fbj4b1s2bb23mtbkes0o4fpr4k90nqi6', '::1', 1660352166, 0x5f5f63695f6c6173745f726567656e65726174657c693a313636303335323136363b6d6573736167657c733a32393a223c703e4c6f6767656420496e205375636365737366756c6c793c2f703e223b5f5f63695f766172737c613a313a7b733a373a226d657373616765223b733a333a226f6c64223b7d6964656e746974797c733a31373a226e303134343239373740756e662e656475223b656d61696c7c733a31373a226e303134343239373740756e662e656475223b757365725f69647c733a313a2231223b6f6c645f6c6173745f6c6f67696e7c733a31303a2231363539383838353330223b6c6173745f636865636b7c693a313635393939363337353b696f6e5f617574685f73657373696f6e5f686173687c733a34303a2236353833643663346632303539393865636163633966353162363861326132653434656130303036223b),
('7bni3sp35k3deero381midkvb0u2a77f', '::1', 1660358306, 0x5f5f63695f6c6173745f726567656e65726174657c693a313636303335383330363b6d6573736167657c733a32393a223c703e4c6f6767656420496e205375636365737366756c6c793c2f703e223b5f5f63695f766172737c613a313a7b733a373a226d657373616765223b733a333a226f6c64223b7d6964656e746974797c733a31373a226e303134343239373740756e662e656475223b656d61696c7c733a31373a226e303134343239373740756e662e656475223b757365725f69647c733a313a2231223b6f6c645f6c6173745f6c6f67696e7c733a31303a2231363539383838353330223b6c6173745f636865636b7c693a313635393939363337353b696f6e5f617574685f73657373696f6e5f686173687c733a34303a2236353833643663346632303539393865636163633966353162363861326132653434656130303036223b),
('nl9v8s8euq39ugkt1abfk2fdp0qh6lc3', '::1', 1660358627, 0x5f5f63695f6c6173745f726567656e65726174657c693a313636303335383632373b6d6573736167657c733a32393a223c703e4c6f6767656420496e205375636365737366756c6c793c2f703e223b5f5f63695f766172737c613a313a7b733a373a226d657373616765223b733a333a226f6c64223b7d6964656e746974797c733a31373a226e303134343239373740756e662e656475223b656d61696c7c733a31373a226e303134343239373740756e662e656475223b757365725f69647c733a313a2231223b6f6c645f6c6173745f6c6f67696e7c733a31303a2231363539383838353330223b6c6173745f636865636b7c693a313635393939363337353b696f6e5f617574685f73657373696f6e5f686173687c733a34303a2236353833643663346632303539393865636163633966353162363861326132653434656130303036223b),
('5ivjr9r3oi35bno1ee21ft046emap85s', '::1', 1660359212, 0x5f5f63695f6c6173745f726567656e65726174657c693a313636303335393231323b6d6573736167657c733a32393a223c703e4c6f6767656420496e205375636365737366756c6c793c2f703e223b5f5f63695f766172737c613a313a7b733a373a226d657373616765223b733a333a226f6c64223b7d6964656e746974797c733a31373a226e303134343239373740756e662e656475223b656d61696c7c733a31373a226e303134343239373740756e662e656475223b757365725f69647c733a313a2231223b6f6c645f6c6173745f6c6f67696e7c733a31303a2231363539383838353330223b6c6173745f636865636b7c693a313635393939363337353b696f6e5f617574685f73657373696f6e5f686173687c733a34303a2236353833643663346632303539393865636163633966353162363861326132653434656130303036223b),
('jqjgtkm14gaerrcg5ot1gv0sllkp5ko2', '::1', 1660359571, 0x5f5f63695f6c6173745f726567656e65726174657c693a313636303335393537313b6d6573736167657c733a32393a223c703e4c6f6767656420496e205375636365737366756c6c793c2f703e223b5f5f63695f766172737c613a313a7b733a373a226d657373616765223b733a333a226f6c64223b7d6964656e746974797c733a31373a226e303134343239373740756e662e656475223b656d61696c7c733a31373a226e303134343239373740756e662e656475223b757365725f69647c733a313a2231223b6f6c645f6c6173745f6c6f67696e7c733a31303a2231363539383838353330223b6c6173745f636865636b7c693a313635393939363337353b696f6e5f617574685f73657373696f6e5f686173687c733a34303a2236353833643663346632303539393865636163633966353162363861326132653434656130303036223b),
('2en9a4osn7r1b8su7s983jgs13kf4d2v', '::1', 1660360415, 0x5f5f63695f6c6173745f726567656e65726174657c693a313636303336303431353b6d6573736167657c733a32393a223c703e4c6f6767656420496e205375636365737366756c6c793c2f703e223b5f5f63695f766172737c613a313a7b733a373a226d657373616765223b733a333a226f6c64223b7d6964656e746974797c733a31373a226e303134343239373740756e662e656475223b656d61696c7c733a31373a226e303134343239373740756e662e656475223b757365725f69647c733a313a2231223b6f6c645f6c6173745f6c6f67696e7c733a31303a2231363539383838353330223b6c6173745f636865636b7c693a313635393939363337353b696f6e5f617574685f73657373696f6e5f686173687c733a34303a2236353833643663346632303539393865636163633966353162363861326132653434656130303036223b),
('uu2bp50p7hpjbepjknbnlrsg9gurmc75', '::1', 1660361329, 0x5f5f63695f6c6173745f726567656e65726174657c693a313636303336313332393b6d6573736167657c733a32393a223c703e4c6f6767656420496e205375636365737366756c6c793c2f703e223b5f5f63695f766172737c613a313a7b733a373a226d657373616765223b733a333a226f6c64223b7d6964656e746974797c733a31373a226e303134343239373740756e662e656475223b656d61696c7c733a31373a226e303134343239373740756e662e656475223b757365725f69647c733a313a2231223b6f6c645f6c6173745f6c6f67696e7c733a31303a2231363539383838353330223b6c6173745f636865636b7c693a313635393939363337353b696f6e5f617574685f73657373696f6e5f686173687c733a34303a2236353833643663346632303539393865636163633966353162363861326132653434656130303036223b),
('71oq55m63h7t70ecgnnpmm7sg545umtk', '::1', 1660400605, 0x5f5f63695f6c6173745f726567656e65726174657c693a313636303430303630323b6d6573736167657c733a32393a223c703e4c6f6767656420496e205375636365737366756c6c793c2f703e223b5f5f63695f766172737c613a313a7b733a373a226d657373616765223b733a333a226f6c64223b7d6964656e746974797c733a31373a226e303134343239373740756e662e656475223b656d61696c7c733a31373a226e303134343239373740756e662e656475223b757365725f69647c733a313a2231223b6f6c645f6c6173745f6c6f67696e7c733a31303a2231363539383838353330223b6c6173745f636865636b7c693a313635393939363337353b696f6e5f617574685f73657373696f6e5f686173687c733a34303a2236353833643663346632303539393865636163633966353162363861326132653434656130303036223b),
('nm08s4ljilmmd1msfi8l32a3v3kjup83', '::1', 1660401852, 0x5f5f63695f6c6173745f726567656e65726174657c693a313636303430313835323b6d6573736167657c733a32393a223c703e4c6f6767656420496e205375636365737366756c6c793c2f703e223b5f5f63695f766172737c613a313a7b733a373a226d657373616765223b733a333a226f6c64223b7d6964656e746974797c733a31373a226e303134343239373740756e662e656475223b656d61696c7c733a31373a226e303134343239373740756e662e656475223b757365725f69647c733a313a2231223b6f6c645f6c6173745f6c6f67696e7c733a31303a2231363539383838353330223b6c6173745f636865636b7c693a313635393939363337353b696f6e5f617574685f73657373696f6e5f686173687c733a34303a2236353833643663346632303539393865636163633966353162363861326132653434656130303036223b),
('b40o7g906svinqbgont1vdrklco4o1in', '::1', 1660402291, 0x5f5f63695f6c6173745f726567656e65726174657c693a313636303430323239313b6d6573736167657c733a32393a223c703e4c6f6767656420496e205375636365737366756c6c793c2f703e223b5f5f63695f766172737c613a313a7b733a373a226d657373616765223b733a333a226f6c64223b7d6964656e746974797c733a31373a226e303134343239373740756e662e656475223b656d61696c7c733a31373a226e303134343239373740756e662e656475223b757365725f69647c733a313a2231223b6f6c645f6c6173745f6c6f67696e7c733a31303a2231363539383838353330223b6c6173745f636865636b7c693a313635393939363337353b696f6e5f617574685f73657373696f6e5f686173687c733a34303a2236353833643663346632303539393865636163633966353162363861326132653434656130303036223b),
('8dqbapfl8curcoa0g1rrv9uhjuc1mcjm', '::1', 1660404435, 0x5f5f63695f6c6173745f726567656e65726174657c693a313636303430343433353b6d6573736167657c733a32393a223c703e4c6f6767656420496e205375636365737366756c6c793c2f703e223b5f5f63695f766172737c613a313a7b733a373a226d657373616765223b733a333a226f6c64223b7d6964656e746974797c733a31373a226e303134343239373740756e662e656475223b656d61696c7c733a31373a226e303134343239373740756e662e656475223b757365725f69647c733a313a2231223b6f6c645f6c6173745f6c6f67696e7c733a31303a2231363539383838353330223b6c6173745f636865636b7c693a313635393939363337353b696f6e5f617574685f73657373696f6e5f686173687c733a34303a2236353833643663346632303539393865636163633966353162363861326132653434656130303036223b),
('o3jdn8g7cv3ltiofmhnagfralhfed30u', '::1', 1660404748, 0x5f5f63695f6c6173745f726567656e65726174657c693a313636303430343734383b6d6573736167657c733a32393a223c703e4c6f6767656420496e205375636365737366756c6c793c2f703e223b5f5f63695f766172737c613a313a7b733a373a226d657373616765223b733a333a226f6c64223b7d6964656e746974797c733a31373a226e303134343239373740756e662e656475223b656d61696c7c733a31373a226e303134343239373740756e662e656475223b757365725f69647c733a313a2231223b6f6c645f6c6173745f6c6f67696e7c733a31303a2231363539383838353330223b6c6173745f636865636b7c693a313635393939363337353b696f6e5f617574685f73657373696f6e5f686173687c733a34303a2236353833643663346632303539393865636163633966353162363861326132653434656130303036223b),
('lcq30kn671fhla9ho1sg9phutn45qgl2', '::1', 1660405051, 0x5f5f63695f6c6173745f726567656e65726174657c693a313636303430353035313b6d6573736167657c733a32393a223c703e4c6f6767656420496e205375636365737366756c6c793c2f703e223b5f5f63695f766172737c613a313a7b733a373a226d657373616765223b733a333a226f6c64223b7d6964656e746974797c733a31373a226e303134343239373740756e662e656475223b656d61696c7c733a31373a226e303134343239373740756e662e656475223b757365725f69647c733a313a2231223b6f6c645f6c6173745f6c6f67696e7c733a31303a2231363539383838353330223b6c6173745f636865636b7c693a313635393939363337353b696f6e5f617574685f73657373696f6e5f686173687c733a34303a2236353833643663346632303539393865636163633966353162363861326132653434656130303036223b),
('ehvhafgd6neu75r86bsboe7d21m5samj', '::1', 1660405390, 0x5f5f63695f6c6173745f726567656e65726174657c693a313636303430353339303b6d6573736167657c733a32393a223c703e4c6f6767656420496e205375636365737366756c6c793c2f703e223b5f5f63695f766172737c613a313a7b733a373a226d657373616765223b733a333a226f6c64223b7d6964656e746974797c733a31373a226e303134343239373740756e662e656475223b656d61696c7c733a31373a226e303134343239373740756e662e656475223b757365725f69647c733a313a2231223b6f6c645f6c6173745f6c6f67696e7c733a31303a2231363539383838353330223b6c6173745f636865636b7c693a313635393939363337353b696f6e5f617574685f73657373696f6e5f686173687c733a34303a2236353833643663346632303539393865636163633966353162363861326132653434656130303036223b),
('r071nr5oc32p55no8f1lq7ch9igfr8u1', '::1', 1660405915, 0x5f5f63695f6c6173745f726567656e65726174657c693a313636303430353931353b6d6573736167657c733a32393a223c703e4c6f6767656420496e205375636365737366756c6c793c2f703e223b5f5f63695f766172737c613a313a7b733a373a226d657373616765223b733a333a226f6c64223b7d6964656e746974797c733a31373a226e303134343239373740756e662e656475223b656d61696c7c733a31373a226e303134343239373740756e662e656475223b757365725f69647c733a313a2231223b6f6c645f6c6173745f6c6f67696e7c733a31303a2231363539383838353330223b6c6173745f636865636b7c693a313635393939363337353b696f6e5f617574685f73657373696f6e5f686173687c733a34303a2236353833643663346632303539393865636163633966353162363861326132653434656130303036223b),
('c7p3fafkg74qrkj38guorsct0sa2cadf', '::1', 1660407985, 0x5f5f63695f6c6173745f726567656e65726174657c693a313636303430373938353b6d6573736167657c733a32393a223c703e4c6f6767656420496e205375636365737366756c6c793c2f703e223b5f5f63695f766172737c613a313a7b733a373a226d657373616765223b733a333a226f6c64223b7d6964656e746974797c733a31373a226e303134343239373740756e662e656475223b656d61696c7c733a31373a226e303134343239373740756e662e656475223b757365725f69647c733a313a2231223b6f6c645f6c6173745f6c6f67696e7c733a31303a2231363539383838353330223b6c6173745f636865636b7c693a313635393939363337353b696f6e5f617574685f73657373696f6e5f686173687c733a34303a2236353833643663346632303539393865636163633966353162363861326132653434656130303036223b),
('aq1teqpodjskqileodi5cttrod5dl7la', '::1', 1660409228, 0x5f5f63695f6c6173745f726567656e65726174657c693a313636303430393232383b6d6573736167657c733a32393a223c703e4c6f6767656420496e205375636365737366756c6c793c2f703e223b5f5f63695f766172737c613a313a7b733a373a226d657373616765223b733a333a226f6c64223b7d6964656e746974797c733a31373a226e303134343239373740756e662e656475223b656d61696c7c733a31373a226e303134343239373740756e662e656475223b757365725f69647c733a313a2231223b6f6c645f6c6173745f6c6f67696e7c733a31303a2231363539383838353330223b6c6173745f636865636b7c693a313635393939363337353b696f6e5f617574685f73657373696f6e5f686173687c733a34303a2236353833643663346632303539393865636163633966353162363861326132653434656130303036223b),
('vl0uk285u72hk1engipc0n5rd3bvrgri', '::1', 1660409613, 0x5f5f63695f6c6173745f726567656e65726174657c693a313636303430393631333b6d6573736167657c733a32393a223c703e4c6f6767656420496e205375636365737366756c6c793c2f703e223b5f5f63695f766172737c613a313a7b733a373a226d657373616765223b733a333a226f6c64223b7d6964656e746974797c733a31373a226e303134343239373740756e662e656475223b656d61696c7c733a31373a226e303134343239373740756e662e656475223b757365725f69647c733a313a2231223b6f6c645f6c6173745f6c6f67696e7c733a31303a2231363539383838353330223b6c6173745f636865636b7c693a313635393939363337353b696f6e5f617574685f73657373696f6e5f686173687c733a34303a2236353833643663346632303539393865636163633966353162363861326132653434656130303036223b),
('m4a3c93m6khq1t3g47qmmotenmdbql12', '::1', 1660410038, 0x5f5f63695f6c6173745f726567656e65726174657c693a313636303431303033383b6d6573736167657c733a32393a223c703e4c6f6767656420496e205375636365737366756c6c793c2f703e223b5f5f63695f766172737c613a313a7b733a373a226d657373616765223b733a333a226f6c64223b7d6964656e746974797c733a31373a226e303134343239373740756e662e656475223b656d61696c7c733a31373a226e303134343239373740756e662e656475223b757365725f69647c733a313a2231223b6f6c645f6c6173745f6c6f67696e7c733a31303a2231363539383838353330223b6c6173745f636865636b7c693a313635393939363337353b696f6e5f617574685f73657373696f6e5f686173687c733a34303a2236353833643663346632303539393865636163633966353162363861326132653434656130303036223b),
('h5vtib7iljbiveo3310h8gm4j8g4cckm', '::1', 1660410942, 0x5f5f63695f6c6173745f726567656e65726174657c693a313636303431303934323b6d6573736167657c733a32393a223c703e4c6f6767656420496e205375636365737366756c6c793c2f703e223b5f5f63695f766172737c613a313a7b733a373a226d657373616765223b733a333a226f6c64223b7d6964656e746974797c733a31373a226e303134343239373740756e662e656475223b656d61696c7c733a31373a226e303134343239373740756e662e656475223b757365725f69647c733a313a2231223b6f6c645f6c6173745f6c6f67696e7c733a31303a2231363539383838353330223b6c6173745f636865636b7c693a313635393939363337353b696f6e5f617574685f73657373696f6e5f686173687c733a34303a2236353833643663346632303539393865636163633966353162363861326132653434656130303036223b),
('7hu8i8k3ja0pj51ja35b13iekq36ku8o', '::1', 1660411523, 0x5f5f63695f6c6173745f726567656e65726174657c693a313636303431313532333b6d6573736167657c733a32393a223c703e4c6f6767656420496e205375636365737366756c6c793c2f703e223b5f5f63695f766172737c613a313a7b733a373a226d657373616765223b733a333a226f6c64223b7d6964656e746974797c733a31373a226e303134343239373740756e662e656475223b656d61696c7c733a31373a226e303134343239373740756e662e656475223b757365725f69647c733a313a2231223b6f6c645f6c6173745f6c6f67696e7c733a31303a2231363539383838353330223b6c6173745f636865636b7c693a313635393939363337353b696f6e5f617574685f73657373696f6e5f686173687c733a34303a2236353833643663346632303539393865636163633966353162363861326132653434656130303036223b),
('viiv95t1dvlanaqllat65veecp0o3573', '::1', 1660412258, 0x5f5f63695f6c6173745f726567656e65726174657c693a313636303431323235383b6d6573736167657c733a32393a223c703e4c6f6767656420496e205375636365737366756c6c793c2f703e223b5f5f63695f766172737c613a313a7b733a373a226d657373616765223b733a333a226f6c64223b7d6964656e746974797c733a31373a226e303134343239373740756e662e656475223b656d61696c7c733a31373a226e303134343239373740756e662e656475223b757365725f69647c733a313a2231223b6f6c645f6c6173745f6c6f67696e7c733a31303a2231363539383838353330223b6c6173745f636865636b7c693a313635393939363337353b696f6e5f617574685f73657373696f6e5f686173687c733a34303a2236353833643663346632303539393865636163633966353162363861326132653434656130303036223b),
('n4v5l8b654pfi3h4qb02oifad5e5qed5', '::1', 1660413021, 0x5f5f63695f6c6173745f726567656e65726174657c693a313636303431333032313b6d6573736167657c733a32393a223c703e4c6f6767656420496e205375636365737366756c6c793c2f703e223b5f5f63695f766172737c613a313a7b733a373a226d657373616765223b733a333a226f6c64223b7d6964656e746974797c733a31373a226e303134343239373740756e662e656475223b656d61696c7c733a31373a226e303134343239373740756e662e656475223b757365725f69647c733a313a2231223b6f6c645f6c6173745f6c6f67696e7c733a31303a2231363539383838353330223b6c6173745f636865636b7c693a313635393939363337353b696f6e5f617574685f73657373696f6e5f686173687c733a34303a2236353833643663346632303539393865636163633966353162363861326132653434656130303036223b),
('1daioe28eetlpq6pk9ji6jrd2t0g0sb8', '::1', 1660413469, 0x5f5f63695f6c6173745f726567656e65726174657c693a313636303431333436393b6d6573736167657c733a32393a223c703e4c6f6767656420496e205375636365737366756c6c793c2f703e223b5f5f63695f766172737c613a313a7b733a373a226d657373616765223b733a333a226f6c64223b7d6964656e746974797c733a31373a226e303134343239373740756e662e656475223b656d61696c7c733a31373a226e303134343239373740756e662e656475223b757365725f69647c733a313a2231223b6f6c645f6c6173745f6c6f67696e7c733a31303a2231363539383838353330223b6c6173745f636865636b7c693a313635393939363337353b696f6e5f617574685f73657373696f6e5f686173687c733a34303a2236353833643663346632303539393865636163633966353162363861326132653434656130303036223b),
('1b77bnp258rjreqifl3q54iovd7esi4u', '::1', 1660413797, 0x5f5f63695f6c6173745f726567656e65726174657c693a313636303431333739373b6d6573736167657c733a32393a223c703e4c6f6767656420496e205375636365737366756c6c793c2f703e223b5f5f63695f766172737c613a313a7b733a373a226d657373616765223b733a333a226f6c64223b7d6964656e746974797c733a31373a226e303134343239373740756e662e656475223b656d61696c7c733a31373a226e303134343239373740756e662e656475223b757365725f69647c733a313a2231223b6f6c645f6c6173745f6c6f67696e7c733a31303a2231363539383838353330223b6c6173745f636865636b7c693a313635393939363337353b696f6e5f617574685f73657373696f6e5f686173687c733a34303a2236353833643663346632303539393865636163633966353162363861326132653434656130303036223b),
('osug0psfrb0e1fk0sv39hkno7aqo5qu0', '::1', 1660414352, 0x5f5f63695f6c6173745f726567656e65726174657c693a313636303431343335323b6d6573736167657c733a32393a223c703e4c6f6767656420496e205375636365737366756c6c793c2f703e223b5f5f63695f766172737c613a313a7b733a373a226d657373616765223b733a333a226f6c64223b7d6964656e746974797c733a31373a226e303134343239373740756e662e656475223b656d61696c7c733a31373a226e303134343239373740756e662e656475223b757365725f69647c733a313a2231223b6f6c645f6c6173745f6c6f67696e7c733a31303a2231363539383838353330223b6c6173745f636865636b7c693a313635393939363337353b696f6e5f617574685f73657373696f6e5f686173687c733a34303a2236353833643663346632303539393865636163633966353162363861326132653434656130303036223b),
('spgfgseob7vmqgdf1ndu1bk75k8le9kc', '::1', 1660414395, 0x5f5f63695f6c6173745f726567656e65726174657c693a313636303431343339353b6d6573736167657c733a32323a223c703e496e636f7272656374204c6f67696e3c2f703e223b5f5f63695f766172737c613a313a7b733a373a226d657373616765223b733a333a226f6c64223b7d6964656e746974797c733a31373a226e303134343239373740756e662e656475223b656d61696c7c733a31373a226e303134343239373740756e662e656475223b757365725f69647c733a313a2231223b6f6c645f6c6173745f6c6f67696e7c733a31303a2231363539393936333735223b6c6173745f636865636b7c693a313636303431343339353b696f6e5f617574685f73657373696f6e5f686173687c733a34303a2236353833643663346632303539393865636163633966353162363861326132653434656130303036223b),
('tunohge118m7clg2ubm5ac83h9dqg1mp', '::1', 1660414699, 0x5f5f63695f6c6173745f726567656e65726174657c693a313636303431343639393b6d6573736167657c733a32393a223c703e4c6f6767656420496e205375636365737366756c6c793c2f703e223b5f5f63695f766172737c613a313a7b733a373a226d657373616765223b733a333a226f6c64223b7d6964656e746974797c733a31373a226e303134343239373740756e662e656475223b656d61696c7c733a31373a226e303134343239373740756e662e656475223b757365725f69647c733a313a2231223b6f6c645f6c6173745f6c6f67696e7c733a31303a2231363539393936333735223b6c6173745f636865636b7c693a313636303431343339353b696f6e5f617574685f73657373696f6e5f686173687c733a34303a2236353833643663346632303539393865636163633966353162363861326132653434656130303036223b),
('dek8s01ot006ouqbesjnskgjcujpse0j', '::1', 1660415117, 0x5f5f63695f6c6173745f726567656e65726174657c693a313636303431353131373b6d6573736167657c733a32393a223c703e4c6f6767656420496e205375636365737366756c6c793c2f703e223b5f5f63695f766172737c613a313a7b733a373a226d657373616765223b733a333a226f6c64223b7d6964656e746974797c733a31373a226e303134343239373740756e662e656475223b656d61696c7c733a31373a226e303134343239373740756e662e656475223b757365725f69647c733a313a2231223b6f6c645f6c6173745f6c6f67696e7c733a31303a2231363539393936333735223b6c6173745f636865636b7c693a313636303431343339353b696f6e5f617574685f73657373696f6e5f686173687c733a34303a2236353833643663346632303539393865636163633966353162363861326132653434656130303036223b),
('etmfailo0jnjp7mfbarn4bnbj1lu4rsu', '::1', 1660415557, 0x5f5f63695f6c6173745f726567656e65726174657c693a313636303431353535373b6d6573736167657c733a32393a223c703e4c6f6767656420496e205375636365737366756c6c793c2f703e223b5f5f63695f766172737c613a313a7b733a373a226d657373616765223b733a333a226f6c64223b7d6964656e746974797c733a31373a226e303134343239373740756e662e656475223b656d61696c7c733a31373a226e303134343239373740756e662e656475223b757365725f69647c733a313a2231223b6f6c645f6c6173745f6c6f67696e7c733a31303a2231363539393936333735223b6c6173745f636865636b7c693a313636303431343339353b696f6e5f617574685f73657373696f6e5f686173687c733a34303a2236353833643663346632303539393865636163633966353162363861326132653434656130303036223b);
INSERT INTO `ci_sessions` (`id`, `ip_address`, `timestamp`, `data`) VALUES
('t9gscjd6h22jrm5q9q73bni7ur50nero', '::1', 1660415323, 0x5f5f63695f6c6173745f726567656e65726174657c693a313636303431353331373b6d6573736167657c733a32323a223c703e496e636f7272656374204c6f67696e3c2f703e223b5f5f63695f766172737c613a313a7b733a373a226d657373616765223b733a333a226e6577223b7d),
('pmi721c4tn3nq94rqc8slsdju0u0912h', '::1', 1660415421, 0x5f5f63695f6c6173745f726567656e65726174657c693a313636303431353431333b6d6573736167657c733a32323a223c703e496e636f7272656374204c6f67696e3c2f703e223b5f5f63695f766172737c613a313a7b733a373a226d657373616765223b733a333a226e6577223b7d),
('76ro13jfmob4mujefnsb359u30d3vdq8', '::1', 1660415860, 0x5f5f63695f6c6173745f726567656e65726174657c693a313636303431353836303b6d6573736167657c733a32393a223c703e4c6f6767656420496e205375636365737366756c6c793c2f703e223b5f5f63695f766172737c613a313a7b733a373a226d657373616765223b733a333a226f6c64223b7d6964656e746974797c733a31373a226e303134343239373740756e662e656475223b656d61696c7c733a31373a226e303134343239373740756e662e656475223b757365725f69647c733a313a2231223b6f6c645f6c6173745f6c6f67696e7c733a31303a2231363539393936333735223b6c6173745f636865636b7c693a313636303431343339353b696f6e5f617574685f73657373696f6e5f686173687c733a34303a2236353833643663346632303539393865636163633966353162363861326132653434656130303036223b),
('sq2h7rhbeju4qi28d9li8sv4cgh0ln44', '::1', 1660425853, 0x5f5f63695f6c6173745f726567656e65726174657c693a313636303432353835333b6d6573736167657c733a32393a223c703e4c6f6767656420496e205375636365737366756c6c793c2f703e223b5f5f63695f766172737c613a313a7b733a373a226d657373616765223b733a333a226f6c64223b7d6964656e746974797c733a31373a226e303134343239373740756e662e656475223b656d61696c7c733a31373a226e303134343239373740756e662e656475223b757365725f69647c733a313a2231223b6f6c645f6c6173745f6c6f67696e7c733a31303a2231363539393936333735223b6c6173745f636865636b7c693a313636303431343339353b696f6e5f617574685f73657373696f6e5f686173687c733a34303a2236353833643663346632303539393865636163633966353162363861326132653434656130303036223b),
('heg7n5crclsdbn11hprhch68l6epipm1', '::1', 1660426347, 0x5f5f63695f6c6173745f726567656e65726174657c693a313636303432363334373b6d6573736167657c733a32393a223c703e4c6f6767656420496e205375636365737366756c6c793c2f703e223b5f5f63695f766172737c613a313a7b733a373a226d657373616765223b733a333a226f6c64223b7d6964656e746974797c733a31373a226e303134343239373740756e662e656475223b656d61696c7c733a31373a226e303134343239373740756e662e656475223b757365725f69647c733a313a2231223b6f6c645f6c6173745f6c6f67696e7c733a31303a2231363539393936333735223b6c6173745f636865636b7c693a313636303431343339353b696f6e5f617574685f73657373696f6e5f686173687c733a34303a2236353833643663346632303539393865636163633966353162363861326132653434656130303036223b),
('3iepliiuta82j3outd9d3se5l8r9m9qh', '::1', 1660425936, 0x5f5f63695f6c6173745f726567656e65726174657c693a313636303432353933303b6d6573736167657c733a32323a223c703e496e636f7272656374204c6f67696e3c2f703e223b5f5f63695f766172737c613a313a7b733a373a226d657373616765223b733a333a226e6577223b7d),
('3i0lb0ivh04u22p0p5r7b7cqgu3amr3q', '::1', 1660429454, 0x5f5f63695f6c6173745f726567656e65726174657c693a313636303432393435343b6d6573736167657c733a32393a223c703e4c6f6767656420496e205375636365737366756c6c793c2f703e223b5f5f63695f766172737c613a313a7b733a373a226d657373616765223b733a333a226f6c64223b7d6964656e746974797c733a31373a226e303134343239373740756e662e656475223b656d61696c7c733a31373a226e303134343239373740756e662e656475223b757365725f69647c733a313a2231223b6f6c645f6c6173745f6c6f67696e7c733a31303a2231363539393936333735223b6c6173745f636865636b7c693a313636303431343339353b696f6e5f617574685f73657373696f6e5f686173687c733a34303a2236353833643663346632303539393865636163633966353162363861326132653434656130303036223b),
('nho5tmv12qln65ht0egsshfvkvuoje02', '::1', 1660430230, 0x5f5f63695f6c6173745f726567656e65726174657c693a313636303433303233303b6d6573736167657c733a32393a223c703e4c6f6767656420496e205375636365737366756c6c793c2f703e223b5f5f63695f766172737c613a313a7b733a373a226d657373616765223b733a333a226f6c64223b7d6964656e746974797c733a31373a226e303134343239373740756e662e656475223b656d61696c7c733a31373a226e303134343239373740756e662e656475223b757365725f69647c733a313a2231223b6f6c645f6c6173745f6c6f67696e7c733a31303a2231363539393936333735223b6c6173745f636865636b7c693a313636303431343339353b696f6e5f617574685f73657373696f6e5f686173687c733a34303a2236353833643663346632303539393865636163633966353162363861326132653434656130303036223b),
('pkv8fgbeohl7b1evebiapn1ickn4o473', '::1', 1660431684, 0x5f5f63695f6c6173745f726567656e65726174657c693a313636303433313638343b6d6573736167657c733a32393a223c703e4c6f6767656420496e205375636365737366756c6c793c2f703e223b5f5f63695f766172737c613a313a7b733a373a226d657373616765223b733a333a226f6c64223b7d6964656e746974797c733a31373a226e303134343239373740756e662e656475223b656d61696c7c733a31373a226e303134343239373740756e662e656475223b757365725f69647c733a313a2231223b6f6c645f6c6173745f6c6f67696e7c733a31303a2231363539393936333735223b6c6173745f636865636b7c693a313636303431343339353b696f6e5f617574685f73657373696f6e5f686173687c733a34303a2236353833643663346632303539393865636163633966353162363861326132653434656130303036223b),
('00lhfdbgc68ooqpeatsbo9ufcmk835h1', '::1', 1660432153, 0x5f5f63695f6c6173745f726567656e65726174657c693a313636303433323135333b6d6573736167657c733a32393a223c703e4c6f6767656420496e205375636365737366756c6c793c2f703e223b5f5f63695f766172737c613a313a7b733a373a226d657373616765223b733a333a226f6c64223b7d6964656e746974797c733a31373a226e303134343239373740756e662e656475223b656d61696c7c733a31373a226e303134343239373740756e662e656475223b757365725f69647c733a313a2231223b6f6c645f6c6173745f6c6f67696e7c733a31303a2231363539393936333735223b6c6173745f636865636b7c693a313636303431343339353b696f6e5f617574685f73657373696f6e5f686173687c733a34303a2236353833643663346632303539393865636163633966353162363861326132653434656130303036223b),
('40n472j1b33mcenuccfbu9gc42faldbp', '::1', 1660432555, 0x5f5f63695f6c6173745f726567656e65726174657c693a313636303433323535353b6d6573736167657c733a32393a223c703e4c6f6767656420496e205375636365737366756c6c793c2f703e223b5f5f63695f766172737c613a313a7b733a373a226d657373616765223b733a333a226f6c64223b7d6964656e746974797c733a31373a226e303134343239373740756e662e656475223b656d61696c7c733a31373a226e303134343239373740756e662e656475223b757365725f69647c733a313a2231223b6f6c645f6c6173745f6c6f67696e7c733a31303a2231363539393936333735223b6c6173745f636865636b7c693a313636303431343339353b696f6e5f617574685f73657373696f6e5f686173687c733a34303a2236353833643663346632303539393865636163633966353162363861326132653434656130303036223b),
('1f7geo876ivse6stp3ji0fdlft929d87', '::1', 1660433292, 0x5f5f63695f6c6173745f726567656e65726174657c693a313636303433333239323b6d6573736167657c733a32393a223c703e4c6f6767656420496e205375636365737366756c6c793c2f703e223b5f5f63695f766172737c613a313a7b733a373a226d657373616765223b733a333a226f6c64223b7d6964656e746974797c733a31373a226e303134343239373740756e662e656475223b656d61696c7c733a31373a226e303134343239373740756e662e656475223b757365725f69647c733a313a2231223b6f6c645f6c6173745f6c6f67696e7c733a31303a2231363539393936333735223b6c6173745f636865636b7c693a313636303431343339353b696f6e5f617574685f73657373696f6e5f686173687c733a34303a2236353833643663346632303539393865636163633966353162363861326132653434656130303036223b),
('gti7kch08aba729osnmb23ms28fcgsb5', '::1', 1660433674, 0x5f5f63695f6c6173745f726567656e65726174657c693a313636303433333637343b6d6573736167657c733a32393a223c703e4c6f6767656420496e205375636365737366756c6c793c2f703e223b5f5f63695f766172737c613a313a7b733a373a226d657373616765223b733a333a226f6c64223b7d6964656e746974797c733a31373a226e303134343239373740756e662e656475223b656d61696c7c733a31373a226e303134343239373740756e662e656475223b757365725f69647c733a313a2231223b6f6c645f6c6173745f6c6f67696e7c733a31303a2231363539393936333735223b6c6173745f636865636b7c693a313636303431343339353b696f6e5f617574685f73657373696f6e5f686173687c733a34303a2236353833643663346632303539393865636163633966353162363861326132653434656130303036223b),
('2ivbrnhdekt2s256ae1b11qmv6j6nvaq', '::1', 1660443275, 0x5f5f63695f6c6173745f726567656e65726174657c693a313636303434333237353b6d6573736167657c733a32393a223c703e4c6f6767656420496e205375636365737366756c6c793c2f703e223b5f5f63695f766172737c613a313a7b733a373a226d657373616765223b733a333a226f6c64223b7d6964656e746974797c733a31373a226e303134343239373740756e662e656475223b656d61696c7c733a31373a226e303134343239373740756e662e656475223b757365725f69647c733a313a2231223b6f6c645f6c6173745f6c6f67696e7c733a31303a2231363539393936333735223b6c6173745f636865636b7c693a313636303431343339353b696f6e5f617574685f73657373696f6e5f686173687c733a34303a2236353833643663346632303539393865636163633966353162363861326132653434656130303036223b),
('qa8om0b8jq3bn34muvmdnkphjmrq1j5c', '::1', 1660443652, 0x5f5f63695f6c6173745f726567656e65726174657c693a313636303434333635323b6d6573736167657c733a32393a223c703e4c6f6767656420496e205375636365737366756c6c793c2f703e223b5f5f63695f766172737c613a313a7b733a373a226d657373616765223b733a333a226f6c64223b7d6964656e746974797c733a31373a226e303134343239373740756e662e656475223b656d61696c7c733a31373a226e303134343239373740756e662e656475223b757365725f69647c733a313a2231223b6f6c645f6c6173745f6c6f67696e7c733a31303a2231363539393936333735223b6c6173745f636865636b7c693a313636303431343339353b696f6e5f617574685f73657373696f6e5f686173687c733a34303a2236353833643663346632303539393865636163633966353162363861326132653434656130303036223b),
('vv7prhq3lkt3i3sn0tjb8prcrj8g9hlj', '::1', 1660444224, 0x5f5f63695f6c6173745f726567656e65726174657c693a313636303434343232343b6d6573736167657c733a32393a223c703e4c6f6767656420496e205375636365737366756c6c793c2f703e223b5f5f63695f766172737c613a313a7b733a373a226d657373616765223b733a333a226f6c64223b7d6964656e746974797c733a31373a226e303134343239373740756e662e656475223b656d61696c7c733a31373a226e303134343239373740756e662e656475223b757365725f69647c733a313a2231223b6f6c645f6c6173745f6c6f67696e7c733a31303a2231363539393936333735223b6c6173745f636865636b7c693a313636303431343339353b696f6e5f617574685f73657373696f6e5f686173687c733a34303a2236353833643663346632303539393865636163633966353162363861326132653434656130303036223b),
('f7c9qvh5rp21dprglaof0nftfva5j3k8', '::1', 1660444569, 0x5f5f63695f6c6173745f726567656e65726174657c693a313636303434343536393b6d6573736167657c733a32393a223c703e4c6f6767656420496e205375636365737366756c6c793c2f703e223b5f5f63695f766172737c613a313a7b733a373a226d657373616765223b733a333a226f6c64223b7d6964656e746974797c733a31373a226e303134343239373740756e662e656475223b656d61696c7c733a31373a226e303134343239373740756e662e656475223b757365725f69647c733a313a2231223b6f6c645f6c6173745f6c6f67696e7c733a31303a2231363539393936333735223b6c6173745f636865636b7c693a313636303431343339353b696f6e5f617574685f73657373696f6e5f686173687c733a34303a2236353833643663346632303539393865636163633966353162363861326132653434656130303036223b),
('4s87l548673u0rfl3v3gkfv372bo3j44', '::1', 1660445518, 0x5f5f63695f6c6173745f726567656e65726174657c693a313636303434353531383b6d6573736167657c733a32393a223c703e4c6f6767656420496e205375636365737366756c6c793c2f703e223b5f5f63695f766172737c613a313a7b733a373a226d657373616765223b733a333a226f6c64223b7d6964656e746974797c733a31373a226e303134343239373740756e662e656475223b656d61696c7c733a31373a226e303134343239373740756e662e656475223b757365725f69647c733a313a2231223b6f6c645f6c6173745f6c6f67696e7c733a31303a2231363539393936333735223b6c6173745f636865636b7c693a313636303431343339353b696f6e5f617574685f73657373696f6e5f686173687c733a34303a2236353833643663346632303539393865636163633966353162363861326132653434656130303036223b),
('m1jhqvb8khlb0i2h08rjfsvlb8lkmr5j', '::1', 1660481313, 0x5f5f63695f6c6173745f726567656e65726174657c693a313636303438313331333b6d6573736167657c733a32393a223c703e4c6f6767656420496e205375636365737366756c6c793c2f703e223b5f5f63695f766172737c613a313a7b733a373a226d657373616765223b733a333a226f6c64223b7d6964656e746974797c733a31373a226e303134343239373740756e662e656475223b656d61696c7c733a31373a226e303134343239373740756e662e656475223b757365725f69647c733a313a2231223b6f6c645f6c6173745f6c6f67696e7c733a31303a2231363539393936333735223b6c6173745f636865636b7c693a313636303431343339353b696f6e5f617574685f73657373696f6e5f686173687c733a34303a2236353833643663346632303539393865636163633966353162363861326132653434656130303036223b),
('c4cg3ore1juh20bgmi8u01g5g48268q5', '::1', 1660484657, 0x5f5f63695f6c6173745f726567656e65726174657c693a313636303438343635373b6d6573736167657c733a32393a223c703e4c6f6767656420496e205375636365737366756c6c793c2f703e223b5f5f63695f766172737c613a313a7b733a373a226d657373616765223b733a333a226f6c64223b7d6964656e746974797c733a31373a226e303134343239373740756e662e656475223b656d61696c7c733a31373a226e303134343239373740756e662e656475223b757365725f69647c733a313a2231223b6f6c645f6c6173745f6c6f67696e7c733a31303a2231363539393936333735223b6c6173745f636865636b7c693a313636303431343339353b696f6e5f617574685f73657373696f6e5f686173687c733a34303a2236353833643663346632303539393865636163633966353162363861326132653434656130303036223b),
('5r2g8eovi7tufoo2v2u4co56i9a7j0bj', '::1', 1660485215, 0x5f5f63695f6c6173745f726567656e65726174657c693a313636303438353231353b6d6573736167657c733a32393a223c703e4c6f6767656420496e205375636365737366756c6c793c2f703e223b5f5f63695f766172737c613a313a7b733a373a226d657373616765223b733a333a226f6c64223b7d6964656e746974797c733a31373a226e303134343239373740756e662e656475223b656d61696c7c733a31373a226e303134343239373740756e662e656475223b757365725f69647c733a313a2231223b6f6c645f6c6173745f6c6f67696e7c733a31303a2231363539393936333735223b6c6173745f636865636b7c693a313636303431343339353b696f6e5f617574685f73657373696f6e5f686173687c733a34303a2236353833643663346632303539393865636163633966353162363861326132653434656130303036223b),
('agcblp6vjicbooapti2b65jhv5b0gl0l', '::1', 1660485517, 0x5f5f63695f6c6173745f726567656e65726174657c693a313636303438353531373b6d6573736167657c733a32393a223c703e4c6f6767656420496e205375636365737366756c6c793c2f703e223b5f5f63695f766172737c613a313a7b733a373a226d657373616765223b733a333a226f6c64223b7d6964656e746974797c733a31373a226e303134343239373740756e662e656475223b656d61696c7c733a31373a226e303134343239373740756e662e656475223b757365725f69647c733a313a2231223b6f6c645f6c6173745f6c6f67696e7c733a31303a2231363539393936333735223b6c6173745f636865636b7c693a313636303431343339353b696f6e5f617574685f73657373696f6e5f686173687c733a34303a2236353833643663346632303539393865636163633966353162363861326132653434656130303036223b),
('tnrifumo97jlnfmsbf8iu3gntdun1024', '::1', 1660485830, 0x5f5f63695f6c6173745f726567656e65726174657c693a313636303438353833303b6d6573736167657c733a32393a223c703e4c6f6767656420496e205375636365737366756c6c793c2f703e223b5f5f63695f766172737c613a313a7b733a373a226d657373616765223b733a333a226f6c64223b7d6964656e746974797c733a31373a226e303134343239373740756e662e656475223b656d61696c7c733a31373a226e303134343239373740756e662e656475223b757365725f69647c733a313a2231223b6f6c645f6c6173745f6c6f67696e7c733a31303a2231363539393936333735223b6c6173745f636865636b7c693a313636303431343339353b696f6e5f617574685f73657373696f6e5f686173687c733a34303a2236353833643663346632303539393865636163633966353162363861326132653434656130303036223b),
('fibnhs3upgljo2hbev2r00c6lisehv05', '::1', 1660486172, 0x5f5f63695f6c6173745f726567656e65726174657c693a313636303438363137323b6d6573736167657c733a32393a223c703e4c6f6767656420496e205375636365737366756c6c793c2f703e223b5f5f63695f766172737c613a313a7b733a373a226d657373616765223b733a333a226f6c64223b7d6964656e746974797c733a31373a226e303134343239373740756e662e656475223b656d61696c7c733a31373a226e303134343239373740756e662e656475223b757365725f69647c733a313a2231223b6f6c645f6c6173745f6c6f67696e7c733a31303a2231363539393936333735223b6c6173745f636865636b7c693a313636303431343339353b696f6e5f617574685f73657373696f6e5f686173687c733a34303a2236353833643663346632303539393865636163633966353162363861326132653434656130303036223b),
('givifo4e7g1tskck6j9lj8e0g9rdf75q', '::1', 1660486178, 0x5f5f63695f6c6173745f726567656e65726174657c693a313636303438363137323b6d6573736167657c733a32393a223c703e4c6f6767656420496e205375636365737366756c6c793c2f703e223b5f5f63695f766172737c613a313a7b733a373a226d657373616765223b733a333a226f6c64223b7d6964656e746974797c733a31373a226e303134343239373740756e662e656475223b656d61696c7c733a31373a226e303134343239373740756e662e656475223b757365725f69647c733a313a2231223b6f6c645f6c6173745f6c6f67696e7c733a31303a2231363539393936333735223b6c6173745f636865636b7c693a313636303431343339353b696f6e5f617574685f73657373696f6e5f686173687c733a34303a2236353833643663346632303539393865636163633966353162363861326132653434656130303036223b);

-- --------------------------------------------------------

--
-- Table structure for table `login_attempts`
--

CREATE TABLE `login_attempts` (
  `id` int(10) UNSIGNED NOT NULL,
  `ip_address` varchar(45) NOT NULL,
  `login` varchar(100) NOT NULL,
  `time` int(10) UNSIGNED DEFAULT NULL
) ENGINE=InnoDB DEFAULT CHARSET=utf8;

--
-- Dumping data for table `login_attempts`
--

INSERT INTO `login_attempts` (`id`, `ip_address`, `login`, `time`) VALUES
(30, '::1', 'n01442977@unf.edu', 1660415420),
(31, '::1', 'n01442977@unf.edu', 1660425936);

-- --------------------------------------------------------

--
-- Table structure for table `opportunities`
--

CREATE TABLE `opportunities` (
  `id` int(10) UNSIGNED NOT NULL,
  `center_id` int(10) UNSIGNED NOT NULL,
  `name` varchar(100) NOT NULL,
  `date` varchar(100) DEFAULT NULL
) ENGINE=InnoDB DEFAULT CHARSET=latin1;

--
-- Dumping data for table `opportunities`
--

INSERT INTO `opportunities` (`id`, `center_id`, `name`, `date`) VALUES
(1, 1, 'Simple Opportunity ', '2022-08-16'),
(2, 1, 'Test Name', '2022-08-15'),
(3, 1, 'Test Name', '2022-08-15'),
(6, 2, 'Another Test', '2022-08-15'),
(7, 2, 'Another Test', '2022-08-15');

-- --------------------------------------------------------

--
-- Table structure for table `opportunities_volunteers`
--

CREATE TABLE `opportunities_volunteers` (
  `id` int(10) UNSIGNED NOT NULL,
  `opportunity_id` int(10) UNSIGNED NOT NULL,
  `volunteer_id` int(10) UNSIGNED NOT NULL
) ENGINE=InnoDB DEFAULT CHARSET=latin1;

--
-- Dumping data for table `opportunities_volunteers`
--

INSERT INTO `opportunities_volunteers` (`id`, `opportunity_id`, `volunteer_id`) VALUES
(1, 1, 3),
(2, 1, 2),
(13, 2, 3),
(14, 2, 2);

-- --------------------------------------------------------

--
-- Table structure for table `roles_permissions`
--

CREATE TABLE `roles_permissions` (
  `id` int(10) NOT NULL,
  `user_role` int(10) NOT NULL,
  `entity` varchar(256) NOT NULL,
  `action` varchar(50) NOT NULL,
  `permission` tinyint(1) NOT NULL
) ENGINE=InnoDB DEFAULT CHARSET=latin1;

--
-- Dumping data for table `roles_permissions`
--

INSERT INTO `roles_permissions` (`id`, `user_role`, `entity`, `action`, `permission`) VALUES
(1, 2, 'volunteer', 'view', 1),
(2, 2, 'volunteer', 'edit', 1),
(3, 1, 'volunteer', 'view', 0),
(4, 1, 'volunteer', 'add', 0),
(5, 1, 'volunteer', 'edit', 0),
(6, 1, 'volunteer', 'delete', 0),
(7, 1, 'opportunities', 'view', 0),
(8, 1, 'opportunities', 'add', 0),
(9, 1, 'opportunities', 'edit', 0),
(10, 1, 'opportunities', 'delete', 0),
(11, 2, 'volunteer', 'add', 1),
(12, 2, 'volunteer', 'delete', 1),
(13, 2, 'opportunities', 'view', 1),
(14, 2, 'opportunities', 'add', 1),
(15, 2, 'opportunities', 'edit', 1),
(16, 2, 'opportunities', 'delete', 1),
(17, 3, 'volunteer', 'view', 1),
(18, 3, 'volunteer', 'add', 1),
(19, 3, 'volunteer', 'edit', 1),
(20, 3, 'volunteer', 'delete', 1),
(21, 3, 'opportunities', 'view', 1),
(22, 3, 'opportunities', 'add', 1),
(23, 3, 'opportunities', 'edit', 1),
(24, 3, 'opportunities', 'delete', 1),
(25, 4, 'volunteer', 'view', 0),
(26, 4, 'volunteer', 'add', 0),
(27, 4, 'volunteer', 'edit', 0),
(28, 4, 'volunteer', 'delete', 0),
(29, 4, 'opportunities', 'view', 0),
(30, 4, 'opportunities', 'add', 0),
(31, 4, 'opportunities', 'edit', 0),
(32, 4, 'opportunities', 'delete', 0),
(33, 6, 'volunteer', 'edit', 0),
(34, 6, 'volunteer', 'add', 0),
(35, 6, 'volunteer', 'view', 0),
(36, 6, 'volunteer', 'delete', 0),
(37, 6, 'opportunities', 'edit', 0),
(38, 6, 'opportunities', 'add', 0),
(39, 6, 'opportunities', 'view', 0),
(40, 6, 'opportunities', 'delete', 0),
(41, 7, 'volunteer', 'edit', 0),
(42, 7, 'volunteer', 'add', 0),
(43, 7, 'volunteer', 'view', 0),
(44, 7, 'volunteer', 'delete', 0),
(45, 7, 'opportunities', 'edit', 0),
(46, 7, 'opportunities', 'add', 0),
(47, 7, 'opportunities', 'view', 0),
(48, 7, 'opportunities', 'delete', 0),
(49, 8, 'volunteer', 'edit', 0),
(50, 8, 'volunteer', 'add', 0),
(51, 8, 'volunteer', 'view', 0),
(52, 8, 'volunteer', 'delete', 0),
(53, 8, 'opportunities', 'edit', 0),
(54, 8, 'opportunities', 'add', 0),
(55, 8, 'opportunities', 'view', 0),
(56, 8, 'opportunities', 'delete', 0);

-- --------------------------------------------------------

--
-- Table structure for table `users`
--

CREATE TABLE `users` (
  `id` int(10) UNSIGNED NOT NULL,
  `username` varchar(100) DEFAULT NULL,
  `first_name` varchar(50) DEFAULT NULL,
  `last_name` varchar(50) DEFAULT NULL,
  `role` int(10) DEFAULT 1,
  `email` varchar(254) NOT NULL,
  `active` tinyint(3) UNSIGNED DEFAULT NULL,
  `created_on` timestamp NULL DEFAULT current_timestamp(),
  `ip_address` varchar(45) NOT NULL,
  `last_login` int(10) UNSIGNED DEFAULT NULL,
  `salt` varchar(255) NOT NULL,
  `password` varchar(255) NOT NULL,
  `activation_selector` varchar(255) DEFAULT NULL,
  `activation_code` varchar(255) DEFAULT NULL,
  `forgotten_password_selector` varchar(255) DEFAULT NULL,
  `forgotten_password_code` varchar(255) DEFAULT NULL,
  `forgotten_password_time` int(10) UNSIGNED DEFAULT NULL,
  `remember_selector` varchar(255) DEFAULT NULL,
  `remember_code` varchar(255) DEFAULT NULL
) ENGINE=InnoDB DEFAULT CHARSET=utf8;

--
-- Dumping data for table `users`
--

INSERT INTO `users` (`id`, `username`, `first_name`, `last_name`, `role`, `email`, `active`, `created_on`, `ip_address`, `last_login`, `salt`, `password`, `activation_selector`, `activation_code`, `forgotten_password_selector`, `forgotten_password_code`, `forgotten_password_time`, `remember_selector`, `remember_code`) VALUES
(1, 'jdelcastillo@elykinnovation.com', 'Joseph', 'Delcastillo III', 2, 'n01442977@unf.edu', 1, '2022-05-18 16:07:24', '', 1660414395, 'OKM+-Y)I%S2^nd*+beYbK7MrW6jmHGD#', '144253624ac142635321c006ec92248002ac28268568125eea7408d316141c61', NULL, NULL, NULL, NULL, NULL, '9dcb233a6d9bcee91cb5d6dcad597b64f734bbba', '$2y$10$FvKpNhZf53ayn05ueaz1KO01E1LsWQLbDwWf2MJA8HqoQ7gZ6RWsq'),
(2, 'N00658556@unf.edu', 'Kyle', 'Lyons', 6, 'n00658556@unf.edu', 1, '2022-08-06 17:30:20', '', 1659807090, '_+dzOUTE-cwYZ71iLvf~sf$YrYgso_$~', '6aacf98927472371faa6e8e55d11ef32de3a736aad2d71d67bb60703184d62a6', NULL, NULL, NULL, NULL, NULL, '73775dbf59dd352e6a66d0d7a37e0c810d9376f0', '$2y$10$2bfMBKQUYlRf5CL8Fi297O3NLRzXPX5mF.tk5lYB4hwNqWoDKPrLe'),
(3, 'volunteer', 'Approved', 'Volunteer', 4, 'jdel@jdeldev.com', 1, '2022-05-17 19:19:18', '', 1658506456, '', '617a7f6bcf2d982102c9159f7f3a25941d87ae7d1049e37da008eafba14673c2', NULL, NULL, NULL, NULL, NULL, '0173fa1b1c700b9eb230530516f22889edf1db89', '$2y$10$SsfLTPB6GPENaYcMMSNPI.qIzSZHr/UBV3oK3LM4keUztpVVTvpcy'),
(4, 'disapproved', 'Dissaproved', 'Volunteer', 7, 'admin@ext.com', 1, '2022-04-01 19:46:53', '127.0.0.1', 1653674599, '', 'd4b07d90f69dcf1167954a99fc2c8143500887f3703bae27ce2a4afa05ac65dc', NULL, NULL, NULL, NULL, NULL, '5507e1d577dd610039ebc2a4faaa2cf881a4e0af', '$2y$10$YKpJ5kevfE17HJf0U82oqec1.ov8WvhZzE8vIjOVa4cUaiVMwxRYu'),
(35, 'username', 'First', 'Last', 6, 'email@email.com', 1, '2022-08-12 02:14:19', '', NULL, 'Wo(AUT3eQOKK@TI30d`Sbywj=-+zZKk)', 'e74eaa29a522fc4f214e79a35f01ec699bb847bd3cf9bc8b97e1046f23d84522', NULL, NULL, NULL, NULL, NULL, NULL, NULL);

-- --------------------------------------------------------

--
-- Table structure for table `user_roles`
--

CREATE TABLE `user_roles` (
  `id` int(10) NOT NULL,
  `name` varchar(256) NOT NULL
) ENGINE=InnoDB DEFAULT CHARSET=latin1;

--
-- Dumping data for table `user_roles`
--

INSERT INTO `user_roles` (`id`, `name`) VALUES
(1, 'Default'),
(2, 'developer'),
(3, 'administrator'),
(4, 'volunteer'),
(6, 'pending'),
(7, 'disapproved'),
(8, 'inactive');

-- --------------------------------------------------------

--
-- Table structure for table `volunteers_data`
--

CREATE TABLE `volunteers_data` (
  `id` int(10) NOT NULL,
  `user_id` int(10) UNSIGNED NOT NULL,
  `centers` text DEFAULT NULL,
  `skills` text DEFAULT NULL,
  `available` text DEFAULT NULL,
  `address` varchar(100) DEFAULT NULL,
  `home` varchar(15) DEFAULT NULL,
  `work` varchar(15) DEFAULT NULL,
  `cell` varchar(15) DEFAULT NULL,
  `background` text DEFAULT NULL,
  `licenses` text DEFAULT NULL,
  `e_name` varchar(100) DEFAULT NULL,
  `e_phone` varchar(15) DEFAULT NULL,
  `e_email` varchar(100) DEFAULT NULL,
  `e_address` varchar(100) DEFAULT NULL,
  `drivers` varchar(250) DEFAULT NULL,
  `social` varchar(250) DEFAULT NULL
) ENGINE=InnoDB DEFAULT CHARSET=latin1;

--
-- Dumping data for table `volunteers_data`
--

INSERT INTO `volunteers_data` (`id`, `user_id`, `centers`, `skills`, `available`, `address`, `home`, `work`, `cell`, `background`, `licenses`, `e_name`, `e_phone`, `e_email`, `e_address`, `drivers`, `social`) VALUES
(1, 3, NULL, NULL, NULL, NULL, NULL, NULL, NULL, NULL, NULL, NULL, NULL, NULL, NULL, NULL, NULL),
(20, 35, '1,', 'SkillsSkillsSkills', 'AvailAvailAvail', '123 address st', '1231231234', '1231234567', '3211231234', 'BackgroundBackgroundBackground', 'LicenseLicenseLicense', 'eName', '3217654321', 'emergency@email.com', '123 Emergency Rd', '', '');

--
-- Indexes for dumped tables
--

--
-- Indexes for table `audit_log`
--
ALTER TABLE `audit_log`
  ADD PRIMARY KEY (`id`),
  ADD KEY `FK_audit_user` (`user_id`);

--
-- Indexes for table `centers`
--
ALTER TABLE `centers`
  ADD PRIMARY KEY (`id`);

--
-- Indexes for table `ci_sessions`
--
ALTER TABLE `ci_sessions`
  ADD KEY `ci_sessions_timestamp` (`timestamp`);

--
-- Indexes for table `login_attempts`
--
ALTER TABLE `login_attempts`
  ADD PRIMARY KEY (`id`);

--
-- Indexes for table `opportunities`
--
ALTER TABLE `opportunities`
  ADD PRIMARY KEY (`id`),
  ADD KEY `FK_center_id` (`center_id`);

--
-- Indexes for table `opportunities_volunteers`
--
ALTER TABLE `opportunities_volunteers`
  ADD PRIMARY KEY (`id`),
  ADD KEY `FK_assigned_opportunity` (`opportunity_id`),
  ADD KEY `FK_assigned_volunteers` (`volunteer_id`);

--
-- Indexes for table `roles_permissions`
--
ALTER TABLE `roles_permissions`
  ADD PRIMARY KEY (`id`),
  ADD KEY `FK_role_permission` (`user_role`);

--
-- Indexes for table `users`
--
ALTER TABLE `users`
  ADD PRIMARY KEY (`id`),
  ADD UNIQUE KEY `uc_email` (`email`),
  ADD UNIQUE KEY `uc_activation_selector` (`activation_selector`),
  ADD UNIQUE KEY `uc_forgotten_password_selector` (`forgotten_password_selector`),
  ADD UNIQUE KEY `uc_remember_selector` (`remember_selector`),
  ADD UNIQUE KEY `username` (`username`),
  ADD KEY `fk_member_of_company` (`role`);

--
-- Indexes for table `user_roles`
--
ALTER TABLE `user_roles`
  ADD PRIMARY KEY (`id`);

--
-- Indexes for table `volunteers_data`
--
ALTER TABLE `volunteers_data`
  ADD PRIMARY KEY (`id`),
  ADD UNIQUE KEY `user_id` (`user_id`);

--
-- AUTO_INCREMENT for dumped tables
--

--
-- AUTO_INCREMENT for table `audit_log`
--
ALTER TABLE `audit_log`
  MODIFY `id` int(11) NOT NULL AUTO_INCREMENT, AUTO_INCREMENT=101;

--
-- AUTO_INCREMENT for table `centers`
--
ALTER TABLE `centers`
  MODIFY `id` int(10) UNSIGNED NOT NULL AUTO_INCREMENT, AUTO_INCREMENT=3;

--
-- AUTO_INCREMENT for table `login_attempts`
--
ALTER TABLE `login_attempts`
  MODIFY `id` int(10) UNSIGNED NOT NULL AUTO_INCREMENT, AUTO_INCREMENT=32;

--
-- AUTO_INCREMENT for table `opportunities`
--
ALTER TABLE `opportunities`
  MODIFY `id` int(10) UNSIGNED NOT NULL AUTO_INCREMENT, AUTO_INCREMENT=13;

--
-- AUTO_INCREMENT for table `opportunities_volunteers`
--
ALTER TABLE `opportunities_volunteers`
  MODIFY `id` int(10) UNSIGNED NOT NULL AUTO_INCREMENT, AUTO_INCREMENT=15;

--
-- AUTO_INCREMENT for table `roles_permissions`
--
ALTER TABLE `roles_permissions`
  MODIFY `id` int(10) NOT NULL AUTO_INCREMENT, AUTO_INCREMENT=57;

--
-- AUTO_INCREMENT for table `users`
--
ALTER TABLE `users`
  MODIFY `id` int(10) UNSIGNED NOT NULL AUTO_INCREMENT, AUTO_INCREMENT=36;

--
-- AUTO_INCREMENT for table `user_roles`
--
ALTER TABLE `user_roles`
  MODIFY `id` int(10) NOT NULL AUTO_INCREMENT, AUTO_INCREMENT=9;

--
-- AUTO_INCREMENT for table `volunteers_data`
--
ALTER TABLE `volunteers_data`
  MODIFY `id` int(10) NOT NULL AUTO_INCREMENT, AUTO_INCREMENT=21;

--
-- Constraints for dumped tables
--

--
-- Constraints for table `opportunities`
--
ALTER TABLE `opportunities`
  ADD CONSTRAINT `FK_center_id` FOREIGN KEY (`center_id`) REFERENCES `centers` (`id`) ON DELETE CASCADE ON UPDATE CASCADE;

--
-- Constraints for table `opportunities_volunteers`
--
ALTER TABLE `opportunities_volunteers`
  ADD CONSTRAINT `FK_assigned_opportunity` FOREIGN KEY (`opportunity_id`) REFERENCES `opportunities` (`id`) ON DELETE CASCADE ON UPDATE CASCADE,
  ADD CONSTRAINT `FK_assigned_volunteers` FOREIGN KEY (`volunteer_id`) REFERENCES `users` (`id`) ON DELETE CASCADE ON UPDATE CASCADE;

--
-- Constraints for table `roles_permissions`
--
ALTER TABLE `roles_permissions`
  ADD CONSTRAINT `FK_role_permission` FOREIGN KEY (`user_role`) REFERENCES `user_roles` (`id`) ON DELETE CASCADE ON UPDATE CASCADE;

--
-- Constraints for table `users`
--
ALTER TABLE `users`
  ADD CONSTRAINT `FK_user_role` FOREIGN KEY (`role`) REFERENCES `user_roles` (`id`) ON DELETE NO ACTION ON UPDATE CASCADE;

--
-- Constraints for table `volunteers_data`
--
ALTER TABLE `volunteers_data`
  ADD CONSTRAINT `FK_volunteer_user_id` FOREIGN KEY (`user_id`) REFERENCES `users` (`id`) ON DELETE CASCADE ON UPDATE CASCADE;
COMMIT;

/*!40101 SET CHARACTER_SET_CLIENT=@OLD_CHARACTER_SET_CLIENT */;
/*!40101 SET CHARACTER_SET_RESULTS=@OLD_CHARACTER_SET_RESULTS */;
/*!40101 SET COLLATION_CONNECTION=@OLD_COLLATION_CONNECTION */;
